num_nodes,edge_prob,Q_0_0,Q_0_1,Q_0_2,Q_0_3,Q_0_4,Q_0_5,Q_0_6,Q_0_7,Q_0_8,Q_0_9,Q_0_10,Q_0_11,Q_0_12,Q_0_13,Q_0_14,Q_1_1,Q_1_2,Q_1_3,Q_1_4,Q_1_5,Q_1_6,Q_1_7,Q_1_8,Q_1_9,Q_1_10,Q_1_11,Q_1_12,Q_1_13,Q_1_14,Q_2_2,Q_2_3,Q_2_4,Q_2_5,Q_2_6,Q_2_7,Q_2_8,Q_2_9,Q_2_10,Q_2_11,Q_2_12,Q_2_13,Q_2_14,Q_3_3,Q_3_4,Q_3_5,Q_3_6,Q_3_7,Q_3_8,Q_3_9,Q_3_10,Q_3_11,Q_3_12,Q_3_13,Q_3_14,Q_4_4,Q_4_5,Q_4_6,Q_4_7,Q_4_8,Q_4_9,Q_4_10,Q_4_11,Q_4_12,Q_4_13,Q_4_14,Q_5_5,Q_5_6,Q_5_7,Q_5_8,Q_5_9,Q_5_10,Q_5_11,Q_5_12,Q_5_13,Q_5_14,Q_6_6,Q_6_7,Q_6_8,Q_6_9,Q_6_10,Q_6_11,Q_6_12,Q_6_13,Q_6_14,Q_7_7,Q_7_8,Q_7_9,Q_7_10,Q_7_11,Q_7_12,Q_7_13,Q_7_14,Q_8_8,Q_8_9,Q_8_10,Q_8_11,Q_8_12,Q_8_13,Q_8_14,Q_9_9,Q_9_10,Q_9_11,Q_9_12,Q_9_13,Q_9_14,Q_10_10,Q_10_11,Q_10_12,Q_10_13,Q_10_14,Q_11_11,Q_11_12,Q_11_13,Q_11_14,Q_12_12,Q_12_13,Q_12_14,Q_13_13,Q_13_14,Q_14_14,x_0,x_1,x_2,x_3
15.0,0.5,-4.623321471728237,0.0,0.3484842577764942,0.8458190352539726,0.5937929731996756,0.4142167162441994,1.5159587379434771,0.0,1.3709316297948022,0.0,1.4872313618941704,1.675961412139708,0.488208834849846,0.0,0.5060379843601288,-3.451643333251333,0.0,0.0,0.0,0.0,0.0,1.1911589382953789,0.0,1.8660817374838032,0.0,0.0,0.0,0.395108004723815,0.0,-2.3960564209516138,0.2580958196925678,0.0,0.0,0.0,0.0,0.0,0.0,1.504045006893453,0.4788331473445144,1.1806547885768495,0.0,0.0,-4.0561681643418845,1.8499396093866405,1.261878007464148,0.0,0.0,0.4266140406680522,1.8380323786782784,1.6319574375401105,0.0,0.0,0.0,0.0,-4.9300220054746955,0.0,0.7573154884588114,0.7325706505875592,0.6225002815149588,0.6902308211009436,0.0,1.3355753217673494,1.2027670881930532,0.8884857627728728,1.1868660139675267,-3.248113395093039,1.7970888400277614,0.0,0.0,0.0,1.1162920466153454,0.0,0.4488481857011394,0.0,1.4579029941334842,-4.676090736923881,1.2007582298636559,0.4160332276207736,1.4767121937431325,0.0,0.0,1.9054200839005384,0.2828946722896132,0.0,-4.029839826273822,0.0,0.0,0.0,0.0,0.0,1.1467270814536208,0.0,-3.710984019953483,1.0213567630882803,0.6846025799493534,0.4936425992665286,0.0,0.455017117550216,0.0,-5.264256250477233,0.0,0.0,0.0,0.8059659495790235,0.0,-5.240292425079061,0.0,0.902897292035459,0.0,0.0,-3.390808969721127,0.0,1.3846727548885964,1.412932704035558,-4.052847890796847,0.8512111760497384,0.0,-3.69983873833099,0.0,-4.295176484944316,3.975796220447002,1.5037955968008383,3.2129244230092486,2.413098998812549
15.0,0.5,-3.3877522368349546,0.0,0.0,1.0439369503308378,0.8746912722424526,0.0,0.0,1.8422164741807296,0.0,0.0,0.6706546504649182,0.0,0.0,0.979836927083199,1.3641681993677717,-3.307405396339746,0.0,0.0,0.0,0.0,0.0,0.0,0.0,0.2683879661868108,0.0,1.9700805482585433,0.0,0.0,0.0,-3.9973070404104667,0.0,0.0,0.0,0.2022134396310338,0.0,0.0,0.0,0.0,0.0,1.330479650270875,0.0,0.0,-5.199124464491779,0.0,1.0796663318004527,0.0,0.0,0.0,1.4577683185277617,0.0,1.9804564841918169,1.8620918502460804,0.0,1.6484872570997342,-2.8470043899720396,1.660615169431669,0.0,0.4499225395770772,0.0,0.5969119978334166,0.3384238470738062,1.7734439537856577,0.0,0.0,0.0,-5.0533075745425196,0.0,0.0,1.6492048844101306,0.0,0.0,0.0,0.0,0.0,0.0,-2.6815790389453853,0.0,1.0556029745090447,0.0,0.0,0.0,0.0,0.0,0.0,-2.5933602902667605,0.4354033514670178,0.0,0.0,0.0,0.5735234102090844,0.7781269698228936,0.8976397788065485,-4.913208221158304,0.0,0.0,0.0,0.0,0.0,0.0,-5.677231450316585,0.0,1.644519154570668,1.75328615094317,0.0,0.0,-3.4318415609127717,0.0,0.0,0.0,0.0,-5.968663836507941,0.0,0.0,0.0,-4.31901297961252,0.0,0.0,-5.793409265033115,0.3991724355736896,-3.0612162756137185,4.143578593980105,2.567585560426763,3.1038598065757292,1.719493507323376
15.0,0.5,-2.1464220776494463,0.0,0.9540586192568056,0.667293595567142,0.0,0.0,0.8141423205273938,0.0,1.2232381168554938,0.0,0.0,0.6341115030920574,0.0,0.0,0.0,-1.9449921507326735,0.0,0.0,0.0,0.0,0.0,0.5850584018264026,0.0,1.6498336342907953,0.0,0.0,0.0,0.0,0.0,-4.032421798019996,1.84412418405444,0.8412513946820822,0.0,0.2280737566657082,1.2250400820546679,0.0,0.0,0.342402010290723,1.565340551816314,0.0,1.0645529972192518,0.0,-3.005409202988527,0.0,0.0,0.2651291343367644,0.0,0.0,1.4036730579352477,0.0,0.0,1.0500965377250238,0.0,0.7805018963584363,-1.1961059866140205,0.5329367879192412,0.0,0.0,0.0,0.0,0.0,0.0,0.0,0.0,0.0,-0.986519394393846,0.0,0.0,0.0,0.0,0.0,0.0,0.0,0.0,0.0,-4.897956869470365,0.0,0.7221637100588754,1.2003671376265257,1.7141836389995473,0.3511310120616394,0.0,1.0888679287302137,1.801844562806029,-2.1193071349343144,0.0,0.0,0.0,0.0,0.3080813755421116,1.8963428067290085,0.0,-5.751072435946655,0.9015954910456996,1.6569797864762703,1.8471537772053352,0.9518623424841433,1.374159527062356,1.3640102442647903,-4.50354951736634,0.0,0.0,1.8688411897535888,0.0,1.6540565952722643,-2.8521002079993893,0.0,0.0,0.0,0.0,-4.539236948623353,1.8115503444776184,0.0,1.367953839111442,-3.2090193330560983,0.0,0.427606876129711,-2.711961629870415,0.0,-3.6979870069713363,3.130855710866075,2.0454129289029277,3.1116812907432334,1.5120123921324768
15.0,0.5,-2.55641129258739,0.0,0.0,0.0,0.0,1.0701795362801567,0.0,0.0,0.0,1.3420694239084041,1.185992310957179,0.0,0.0,0.7340564865025188,0.7805248275265214,-3.683928576798401,0.5191356760856546,0.0,0.5058680577503998,0.0,0.0,0.0,0.0,0.0,0.0,1.1865505200206434,1.4416450099752551,0.0,0.0,-4.292369112222793,0.0,1.9719191776209108,0.0,0.0,1.9034723612148396,1.3704551679655708,0.0,0.0,0.2994098656916028,0.0,0.0,0.0,-4.142613862532384,0.0,0.0,0.0,0.0,0.0,0.0,0.0,0.0,0.0,0.0,0.0,-2.0230543581918727,0.0,0.0,0.0,0.0,0.0,0.0,0.0,0.0,0.0,0.0,-4.559263362399723,0.3427682720677956,0.5710073063784342,0.0,0.909398038992838,0.0,0.0,1.9803720277066088,1.4177757188868214,1.548186384973784,-1.5765033811089384,0.0,0.0,0.0,0.0,0.0,0.0,0.0,0.0,-3.76157399990238,0.0,0.0,0.0,0.0,0.0,0.0,0.0,-3.8883986117160756,0.0,0.0,0.0,0.0,0.0,0.0,-6.912027953629453,0.0,0.0,0.0,1.2986173044622757,1.628771008446821,-2.567560502872468,0.0,0.0,0.0,0.0,-2.393709289408055,0.4456159487441356,0.0,0.0,-2.564866538514334,0.0,0.0,-4.264855964993872,0.2722006928599544,-5.8810140789062375,4.14690519601269,1.5690909632563863,4.137005740645417,1.588161361347405
15.0,0.5,-3.553807591369824,0.0,0.0,0.0,1.7711137152861944,0.5102201987346466,0.0,0.0,0.0,0.826752709222046,1.6508273296960032,0.8638123701351694,1.4848888596655887,0.0,0.0,-2.1488418857914424,0.4502118750805216,0.0,0.0,0.0,1.6737407818321188,0.7035381394127136,0.0,0.0,0.0,0.0,0.0,0.5368536396287208,0.0,-3.963242055821104,0.0,0.0,0.0,1.1731083565570584,0.0,1.9938428555530816,0.0,0.0,0.0,0.0,1.4613442162931947,0.6604987814931794,-2.4797834745176717,0.0,0.0,0.0,0.0,0.0,0.0,0.0,0.0,0.0,0.0,0.0,-2.3831685932340974,0.0,0.0,0.0,1.5343555422423296,0.68614193023478,0.0,0.0,0.0,0.0,0.0,-2.396675774018471,0.0,1.248648889355231,0.0,0.0,0.0,0.6303175864099768,1.1994658808789311,0.0,0.7433985529217813,-3.2484526744608004,0.0,0.0,0.0,0.0,0.0,0.0,0.7960641609286337,0.0,-2.681738514799454,0.3683574527625484,0.0,0.0,0.0,0.0,0.0,0.0,-5.414241120983377,0.0,0.0,0.0,0.0,0.0,1.1132383099764198,-1.46294787889963,0.0,0.0,0.0,0.0,0.0,-4.008047927307687,0.0,0.0,1.497192410656446,0.0,-2.922035212199655,0.7627190297889316,0.21518401901955,0.0,-3.1289347937055507,0.0,0.0,-3.691390537989875,1.7821929846908833,-2.149664314541132,3.836813395456656,2.115335056666373,3.796813719457426,2.568937982642548
15.0,0.5,-2.7400403828269284,0.0,0.0,0.0,0.0,0.2475539932523076,0.0,0.3744517049786556,0.0,1.017223264922625,1.1655104659752356,0.0,1.4525803137170037,0.0,1.2227610228080292,-2.2407021138142933,0.6322723402032911,0.7758951828567838,0.2001435246138944,0.0,0.0,0.0,0.8960264263313872,0.0,0.0,0.2907923126035222,0.0,0.0,0.0,-2.961778893601538,1.6670862324594824,0.0,0.0,0.8089938262111926,0.0,1.89219102507612,0.0,0.0,0.0,0.0,0.4371494992754418,0.0,-3.2202923546830924,0.0,0.0,1.5925358810766812,0.0,0.0,0.0,0.0,0.0,0.0,0.4014094159142868,0.0,-3.2395654967236016,0.0,0.395942627451287,0.0,0.655967499436361,0.0,0.0,0.0,0.0,0.578500690253797,0.0,-0.943576395008034,0.0,0.0,0.0,0.0,0.0,0.6262273426822048,0.0,0.4458273159257722,0.0,-3.4955368747788746,0.0,0.0,0.0,0.0,0.0,0.0,1.2448479120936002,0.0,-5.044639716360299,1.1554197732885945,1.873567213969724,1.9862658211557696,1.8430993358449697,0.5431075086128468,0.0,0.0,-3.9942169287769955,0.0,0.0,0.374904068539437,0.0,0.0,0.0,-4.850372219995114,0.0,1.180419689236788,0.0,0.0,1.5088077535887585,-3.3975812330432595,0.0,0.3432689926325416,0.0,0.4481147439209838,-2.863306147079336,0.0,0.6220157114209984,0.0,-1.8679576337291361,1.1394631320394555,0.2574953204564246,-3.107684654503151,0.0,-4.070120226202945,3.139127067239667,1.5677767157541591,3.139532656304732,1.5618208466239938
15.0,0.5,-4.661923534250059,1.5533883490670615,0.0,0.767154925788057,1.178059228465246,1.0299592670758528,0.0,0.0,0.0,0.295301681802707,1.9933123717090475,1.0511723431331357,0.0,0.0,1.45549890145901,-3.735450106074823,0.0,0.8471949736116368,0.9361575773628362,0.8064830944842818,0.0,1.761944867459183,0.0,0.0,0.0,1.2159480865083012,0.0,0.0,0.3497832636563452,-3.462625432122545,0.0,0.0,0.0,0.0,0.0,0.0,0.0,0.0,0.0,0.0,1.9162255853326775,0.0,-3.354273787002332,0.0,1.006421238735904,0.2382291579792276,0.0,0.0,0.2755930748929556,1.0823693714105096,0.3674816936261862,0.699193831197552,0.0,1.4249093067626353,-3.2798937752164257,0.4399793232219476,0.0,0.2273176034554638,0.0,0.0,1.6279078444170105,0.373942227100277,0.0,0.0,0.731667651733831,-5.299982834633072,1.4163982228618186,0.0,0.9269224289985202,0.0,1.987238521304794,0.0,0.0,0.0,1.3194194909220034,-1.9365555757678612,0.0,0.7887203892666996,0.0,0.0,0.0,0.3835475679449292,0.0,0.0,-3.210273285206328,0.0,0.0,0.0,0.0,0.0,1.143317807233261,0.0,-2.1242871569327115,0.0,0.0,0.0,0.0,0.0,0.0,-2.807118579762956,0.0,0.4092810770293096,1.6586640703366442,0.0,0.900573059362856,-5.753096300792728,0.0,0.335570865579197,0.0,1.8148040689549176,-3.0968382576776317,0.9424760611507796,0.0,0.4882413559729996,-2.7742135274352795,0.0,0.0,-3.0753531128649607,0.0,-5.7172786465389605,4.366283684282622,1.8873825938636306,4.1660654476827395,1.5828245254756206
15.0,0.5,-5.348086016474548,0.0,0.0,0.0,1.354639565452102,0.0,1.4566597288642946,1.3030742521439316,1.8249459476176193,1.2977430788828161,1.4446243340992857,0.7450092107830146,0.0,1.2694759151060313,0.0,-2.8301589792790782,0.0,1.0099691894464349,0.0,0.0,0.0,0.0,0.0,0.0,0.0,0.0,1.0408144913387853,0.0,0.0,-3.606557065191823,0.0,0.0,1.5369128962067822,0.0,0.0,0.0,0.0,0.0,0.0,0.0,0.0,1.1652248499166329,-2.6412198400724565,0.0,0.0,0.0,0.0,0.0,0.0,0.0,0.0,0.0,0.0,0.0,-4.467944438022114,1.874081668168982,0.0,1.9910593139837436,0.0,0.0,0.0,1.135556889421711,0.830778361042394,0.0,0.0,-3.9241738611391233,0.0,0.0,0.0,0.0,0.0,0.0,0.0,0.0,1.4942591007532182,-4.137646918748663,0.5867223524887346,1.9814337979202368,0.0,1.71768435048155,0.5023768621825704,0.0,0.0,0.0,-5.623812805540817,1.4877918608442533,1.2972598171073297,0.0,0.9212629747320384,0.216111065136601,0.0,0.4853941760210122,-4.999151367324012,0.0,1.0016796961021253,0.0,0.0,0.0,1.3909366711165962,-4.614476245069218,0.630344465027644,1.5666961328117064,0.0,1.9103418575129785,1.526042023931682,-3.8469302173094166,0.0,0.8517491881039074,0.0,0.0,-4.573703558808539,1.0393877366801456,0.0,0.0,-1.9894204211509166,0.0,0.0,-1.5899088863095048,0.0,-3.0309284108695707,4.2317107369521425,1.4779093024325909,3.2009621096583687,1.6322151035734735
15.0,0.5,-3.325724829662952,0.0,0.0,1.184056770624672,0.0,0.0,1.9938373079869784,0.2780703347363792,1.3270882009749017,0.0,0.0,0.0,1.868397045002972,0.0,0.0,-3.0117404498596083,1.6682347588302755,0.0,0.0,0.0,0.0,0.0,0.0,0.0,0.0,0.0,0.0,0.0,0.335529689084802,-3.3363233957084777,0.0,0.304884872319588,0.0,0.0,0.0,0.0,0.0,1.2278367017493517,1.7945102369617159,0.0,0.3567432717098656,0.2028540656137756,-5.840540183134898,0.0,0.0,0.0,0.0,1.851593407738667,0.7664475829496697,0.0,1.6660770683488106,1.8089401447295808,0.0,1.9972714225067711,-4.754429933994852,0.0,0.0,0.0,0.0,1.8482301935339072,1.7817830368855032,1.1149355642816285,0.0,0.0,0.0,-1.6980716780537768,0.0,0.0,0.0,0.0,0.0,0.0,0.0,0.0,0.0,-4.177770696472757,1.740569756581123,1.2456228329114003,0.0,0.0,0.4649582298332428,0.0,0.0,0.0,-3.7271876892287645,0.3380627501289874,0.0,0.0,0.0,0.305679508932686,0.7718493818301344,1.7831400703564015,-4.537553602081338,1.7832453521438536,0.0,0.2788596916226592,0.0,0.0,0.9183889143475777,-3.8106124690914434,0.0,0.0,0.0,0.0,0.0,-3.035527457002538,0.0,0.0,1.9352513004251664,0.0,-3.6024095390877484,0.0,0.0,0.0,-4.099160250230607,1.4724706407001031,0.0,-3.0706407119642813,0.0,-3.4393134120520714,3.1379052886147902,2.6235660830826264,4.173041985598386,2.5680448936374005
15.0,0.5,-4.8231912443621106,1.8300772718028495,0.0,0.0,0.0,0.3241442415004146,0.0,0.0,1.1818942831912504,1.5921723668483108,0.418448883322098,1.848277473431172,0.997251174507129,0.305688207496226,1.14842858662477,-3.730184057243703,0.0,0.0,1.4786773347548718,0.0,0.0,1.5134574166844001,0.0,1.4983177817713198,0.0,0.0,0.0,0.0,1.1398383094739646,-4.232234455628712,0.0,0.0,0.0,1.7886314623389987,0.0,0.0,0.0,0.0,0.0,0.0,0.0,0.0,-4.874376378604643,0.0,0.0,0.0,0.0,0.0,0.0,0.0,0.0,0.0,0.0,0.0,-3.6595391971249023,0.0,1.441616724702147,0.0,0.0,0.0,0.0,0.0,0.0,0.0,0.0,-3.405983891754855,0.0,1.1816242972549116,0.9702948156681496,0.3346807390519756,0.0,0.0,0.7704044230228811,0.2307209133129374,0.0,-4.09352804121611,0.0,0.0,0.0,0.0,0.0,0.0,0.0,0.0,-4.164814008992494,0.0,0.0,0.0,0.0,0.0,0.0,0.0,-4.110635020063503,0.0,1.6203645624379117,0.0,1.0377461865191813,1.8460130726231383,0.2532635412842676,-5.075554656698905,1.3497394368504676,0.9501283658914224,0.0,0.0,0.0,-3.61239173113913,0.0,0.8074555710656828,0.0,0.0,-5.0765938736367735,0.4033301214911372,1.0857515272099394,1.9128894634277016,-3.706792116438612,1.1122480926642864,0.819346703730691,-4.1904730852941325,0.0,-4.238544548005943,4.138592717189095,1.5667394884230632,3.130072515688711,1.4489173808218978
15.0,0.6,-6.267392233047824,0.0,1.635377634438034,0.0,0.0,1.8926738383450412,1.798625144510259,0.0,1.1124457598689297,1.235239062730183,0.0,1.61072618906795,1.9122776955292704,0.0,1.3374191416059789,-5.628296380654615,0.0,0.0,0.3240841898362672,0.0,0.0,1.8944831150797512,0.0,0.0,0.8205845713816018,0.0,0.0,0.0,0.0,-4.104979021955765,0.0,0.0,0.2570212703952642,0.0,0.5727472251838974,0.4134136974571146,0.0,1.5182082179964917,0.0,1.0286872425547458,0.9369127140909732,0.0,-2.4280980741227793,0.0,0.0,0.0,0.0,0.0,0.0,0.0,0.0,0.0,0.0,0.0,-5.064520086328466,0.0,0.0,1.7039240994506868,0.0,0.0,1.939608062895852,0.0,0.0,0.0,0.0,-5.6567256208049015,1.687789669824503,0.2995144259094318,1.066170184158352,0.0,0.608791744433871,0.0,1.961647240622728,0.0,0.2143987975805224,-6.088080235937292,1.3255489086250447,0.0,0.0,0.8148445208139345,0.9413557318608696,0.5029959447546966,1.9268255365514424,1.5471732018678017,-6.2936853544296,0.0,0.0,0.0,0.0,0.0,0.0,0.0,-5.688180787726187,0.5954370521123606,1.3451555311603351,1.566335746338726,0.0,0.6140345148528618,0.5054684812114472,-3.1568635869494046,0.0,0.0,0.0,0.0,1.916442439022308,-6.374507269676253,0.0,0.0,1.2882365183359856,0.0,-6.806930042822094,1.9986432304629889,0.7782252804364848,1.561075961004569,-8.22464073519114,1.418810207864341,1.490233667506629,-4.1746292207153965,0.0,-6.5525113066928435,4.142351880072644,1.5775328009518823,3.1460674833420104,1.564963712478085
15.0,0.6,-5.037926398200605,1.0358656948465341,0.0,0.0,0.0,0.4310695461054878,0.6971364697873206,1.3346408705405595,1.976990069439484,1.7114005550070166,0.0,0.0,0.0,1.8576364983920668,1.0311130922827394,-4.960169164297158,0.0,1.5623459129716688,1.8234767076243896,0.416572577978804,0.0,1.0901612153360811,0.225039364010368,1.8180106588696765,0.0,0.0,1.6353570921657847,0.3135091047910098,0.0,-3.252568179487495,0.0,0.0,0.0,0.0,0.0,0.0,0.0,1.9072056157605028,0.0,0.0,0.0,0.0,-4.570009377454786,1.1168078965540642,0.0,0.0,0.0,0.0,0.0,0.0,1.9854177781759268,0.0,0.0,0.0,-6.491878961874281,0.0,0.0,0.0,0.0,0.0,0.0,0.0,0.7937804824785384,0.0,0.0,-3.7343879326366793,0.0,0.0,0.0,1.0468852708051894,0.5117365544597168,1.3609386093079268,0.3973334326542198,0.0,0.0,-5.327275607749799,0.464035043261815,0.8433572972293428,0.0,1.0987188571570956,0.7741439565032088,0.0,0.9812274530955758,1.375792173632215,-4.814976803105079,1.3649010425271508,0.0,0.0,0.0,0.581244750370358,0.6637295847147188,0.7179062656266048,-4.051272180221882,0.0,0.0,0.0,1.10128190840217,0.321680833017421,1.184869295118725,-4.171121387151655,1.571593533555986,0.0,0.0,0.0,0.0,-3.7953507401516076,0.0,0.0,0.0,0.0,-3.0205694159014405,0.0,0.0,0.0,-3.7985075571771345,0.0,0.0,-3.614500790269837,0.5745783773685538,-4.301901035899532,4.149595762066869,1.6304168332879023,3.0598124610693316,1.5478937331668128
15.0,0.6,-5.220887158326914,0.4452630732406168,0.0,1.0199764165274088,1.6124766807324078,1.5905427608073301,0.0,1.8504926656649836,0.8968311478249213,1.7551879856311825,0.0,0.4862549965756704,0.7847485896493058,0.0,0.0,-5.379898111811067,1.2538852303675396,0.5233374016715704,1.5785724462350021,1.371376599968989,1.7612226251224088,0.0,1.3745794198477221,1.1674663919362152,1.2840930352320705,0.0,0.0,0.0,0.0,-3.530001776029464,0.0,0.0,0.0,0.0,0.0,0.0,0.0,0.0,0.0,0.0,0.9704056032813796,1.9510039730654103,-4.288651235490057,1.1549559474318056,0.3704177493720648,0.0,1.100584012020175,0.567399870505537,0.0,0.0,1.0780154342800485,1.7593136366046367,1.003302002566868,0.0,-6.974281846025429,1.7786716667587052,0.354827861933326,1.1788797408961125,0.0,0.0,1.976998453066418,1.0804424812158713,0.78941977322777,1.8367073551906112,0.0,-6.225663380372604,0.0,1.710072769167215,1.25828130933001,0.0,0.0,0.6953402444557674,0.2935040312420682,0.0,1.818757328393988,-3.9932758137546247,0.0,0.0,0.0,0.906095805831652,0.0,0.0,0.9051862382520138,0.0,-6.234283149900916,0.0,1.687138387157658,0.0,0.0,1.3843292552183166,1.378055142704467,0.3543603127235024,-3.154074765646535,0.0,0.0,0.0,1.0489071052350165,0.0,0.3956501994142624,-6.394774428191283,1.1209332978355924,1.7496311365493444,1.189232137692833,1.3572869818652327,1.2946079347296608,-3.9160003346589463,0.0,0.0,0.736727871593014,1.8071522057591465,-4.2044728730167105,0.0,1.3730363649561685,1.9462250880005512,-4.6053915174523326,0.211429511479121,1.0361638358228973,-4.886068535944438,0.0,-5.301960438954709,4.398602877812933,2.600578521206098,4.212541875626798,2.0820758796988748
15.0,0.6,-2.53100724819439,0.6517256362752568,0.0,0.0,1.6254394793371731,0.0,1.6927936597883075,0.0,0.0,0.0,0.0,0.0,1.0920557209880428,0.0,0.0,-5.531099463972703,0.0,1.8765066096139993,1.8692725322387425,0.562950491651157,0.0,1.6346410716754232,1.0111063814137262,0.0,0.2764528821654172,0.4906213164148072,1.4419537482692466,1.2469682582276294,0.0,-3.102461413508132,0.0,0.0,0.0,0.0,0.0,0.0,0.0,0.0,0.0,0.0,0.0,0.0,-4.5082749601569,0.0,0.0,0.0,0.0,1.0696395799791232,0.851982103862841,1.1196917033725717,0.0,0.0,0.578790216415826,1.9331661363858832,-4.579583155929937,1.499051706063653,0.0,0.3595533350541528,0.0,0.0,1.2212334769437891,0.9851840661350794,0.0,0.0,0.0,-4.752800916460126,0.0,1.130767490798152,0.0,1.7025000108437864,0.0,0.0,0.0,1.5213092096149248,1.337890159352716,-7.438374326743193,1.9858917776409932,1.4306315377055618,1.5334927499459492,0.8771452488953666,1.7808279720609888,1.8319846805617357,0.0,1.2962381522312125,-4.084295120333881,1.6851625794103817,0.0,0.0,0.2004021476408606,0.0,0.0,0.0,-3.896500778970318,0.0,0.6679354210646564,0.0,0.0,1.9285260583671864,0.0,-2.917428763764083,0.0,0.0,0.0,0.0,1.1471897222690797,-3.0894110139669477,0.2019969920945956,0.0,1.129479101089352,0.6848872023081476,-3.3728004984171385,0.0,0.0,0.0,-3.3156727241971846,0.0,0.0,-3.8391689590365456,0.6735721337516624,-3.5364717531493506,3.146621542805779,1.5788243984799812,3.138624056020114,1.5695930950043535
15.0,0.6,-5.664917225862751,0.0,0.0,0.0,0.6330139690976528,1.9129939768613016,1.091159059821903,1.871442808833481,1.0697526081868496,0.0,1.2592227321522111,0.0,1.6138818473776062,1.1896183129481028,0.6887491364463934,-5.4330625304020455,1.8612768566895344,0.0,0.0,0.0,0.0,0.0,0.0,1.1368424253366352,0.0,1.9762028203450048,0.0,0.0,0.0,-5.063151366741733,1.2414124121360837,0.0,0.0,0.0,0.0,0.0,0.5666587279650565,0.0,0.0,0.0,0.0,0.0,-5.213659283292354,0.0,0.0,0.0,0.0,0.0,0.0,0.0,0.0,0.0,0.0,0.0,-5.767751702922643,1.0377982438569207,1.539885422703291,0.0,0.0,1.3453621903040491,1.9360558170150015,0.0,0.2128341548890724,1.876537684401556,1.6903370863906568,-5.457169256549619,0.0,0.6154286069329402,1.4997903316035959,0.0,0.0,0.0,1.7764089732383523,1.4295218594797807,0.0,-6.432211000435525,1.9608264823619093,0.0,0.0,1.3558950606701015,1.4318546221323893,0.0,0.8469879389014632,1.800842272318818,-7.453739842508593,0.7584675434875514,0.8786555670036136,1.9280543663113887,1.8163067213972752,1.6537166893094566,0.0,0.8559599881956442,-6.375034623763321,0.8056767572375542,1.4147975845440222,1.4111258023945779,1.3463134729388604,0.0,1.5516598305573155,-3.36497927426376,0.0,0.0,0.0,0.0,0.0,-7.054869723778606,0.0,1.9385902147211236,0.0,0.793230141393485,-5.323798493196543,0.0,0.0,0.0,-7.0608804659729705,1.596659802108667,1.2089787757769208,-4.407609019749726,0.0,-6.073601057119529,4.1920855287368255,1.5496422824590474,3.3324891356892263,1.5823378913681097
15.0,0.6,-3.6371455540424824,1.6258597187054136,1.8375901959830077,1.092454432571145,0.0,0.0,0.0,0.6449850385535628,0.0,0.0,0.2488102867692896,0.0,0.0,1.5248053074139172,0.299786128088629,-3.57701675330131,1.9131757982158513,0.0,1.6291348960319212,0.0,0.0,0.0,0.0,0.0,0.0,0.0,0.0,1.7069234588949598,0.2789396347544742,-5.438705677321997,1.9573527258568524,0.0,0.6369500465852934,1.09608139963638,0.0,0.5408803698368796,1.5391751498547472,0.0,0.0,0.0,0.0,1.3562056686749824,-5.0254189332408945,0.0,0.5401058620480635,0.4069712424438314,1.256337128142391,1.2013188268830763,0.4585408533845672,0.0,0.8034556733160446,1.3078072304160593,0.0,1.0264938914197577,-3.9511018229634582,0.0,0.0,0.0,1.035934240466374,1.6018046755271298,0.0,0.777346896194204,1.8504192474276433,0.0,0.0,-4.9544046698037505,1.7005547045032805,0.0,0.7519673519301584,0.8065738779378572,0.0,1.4346277237253278,0.2980091082753006,0.0,0.0,-4.161023325926104,0.0,1.2904367378942332,0.0,0.0,0.0,0.0,0.0,0.0,-1.958352065995088,0.0,0.0,0.0,0.865313674814596,0.0,0.4926889394864534,0.6573793509931724,-4.235157512597482,0.0,0.0,1.8468883258834687,0.0,0.0,0.0,-2.928096154140439,0.0,0.0,0.0,0.0,0.0,-4.021689860803372,0.0,0.0,0.438190659087291,1.6133693068082116,-4.431851774869157,0.0,0.0,0.0,-2.727302444001691,0.0,0.0,-5.475246504489509,0.0,-4.832147135761816,3.0481043975969535,2.718734599260728,3.11006709927509,1.736650268420942
15.0,0.6,-3.889701104220973,1.8012989002890885,0.836171666981507,0.2414641176374742,0.2782246709163358,1.5706619045577008,0.0,0.676019346162269,0.0,0.0,1.3551314931770368,0.0,1.0204301087205343,0.0,0.0,-5.400997142431652,0.0,0.5574868315715852,1.8943861553492105,1.7466312257027308,0.9906917486211194,0.0,0.0,0.0,0.0,0.0,1.6791556611398781,1.3397115331397045,0.7926322290499852,-3.941426311741382,0.5311640442206516,0.0,0.5474896903653662,0.5546761892955482,0.3027415590637544,0.6168953915720902,1.0363715428841138,1.1454247708828065,0.0,0.0,1.6326809321104983,0.6792368361064264,-4.495935320418516,0.0,1.6761662219889397,0.0,0.3041589898953322,1.6652837383512369,1.017897627372836,0.0,0.0,1.7780020239214573,0.0,1.22024704587752,-3.9552043720094394,1.7816501975830477,0.6349448421091636,0.0,1.054804463019774,0.0,0.4946036389713044,0.0,1.1903430084970217,0.0,0.5814517675730214,-4.740051208645444,0.0,0.0,1.2228008317772456,0.0,0.0,0.9347023453158582,0.0,0.0,0.0,-2.7365150465912738,0.0,0.0,0.0,0.0,0.0,0.0,1.3496412798217157,1.3859652271467056,-4.5175770298021325,1.5862794878269604,1.5372114356206268,1.7670640709209486,1.7073314579793677,0.0,1.1543477121350063,0.0,-4.687230518482503,0.0,0.0,0.0,0.0,0.0,0.0,-2.405123431605469,0.0,0.0,0.0,0.0,0.0,-5.70555056689902,0.8757142734809378,1.599691691844179,1.2318612060608252,0.0,-3.3139703175422426,0.0,0.0,0.0,-4.747468002529209,0.0,0.0,-5.166056931464473,1.515132285162225,-3.5057348616346213,4.138413255920369,2.6976864922801362,3.1746299806656846,1.5725884906072578
15.0,0.6,-5.714757034723371,1.232699048454578,0.0,1.2884620238971853,0.0,1.6900212790416758,1.4032712807525247,0.254124265794626,1.4343124195694261,0.0,1.7285955811406262,1.4360305816611914,0.7097058872088602,0.2522917019260502,0.0,-6.150480172685503,1.6649097149030718,1.5379395344740776,0.360025231646182,1.3597666026820543,0.733285258195626,0.0,1.1762236500893994,0.328323850565096,1.4513211923032503,0.0,0.0,1.5300912000721036,0.9263750619855649,-6.9247093681185925,0.0,1.9343283990810471,0.0,0.0,0.0,0.0,1.0129048447633673,0.0,0.0,0.0,0.0,1.855901688282188,-5.245875381222358,0.0,0.0,0.5630036150439498,1.9333799989769784,1.295343532018389,0.8643297963092864,0.0,0.0,1.8808307546194625,0.0,0.0,-2.844652939204962,0.0,0.0,0.0,0.0,0.0,0.0,0.0,0.0,0.0,0.0,-3.018263886573079,0.0,0.0,0.0,0.0,0.0,1.9323938754271393,0.0,1.0543460159952889,0.0,-4.198072907174994,1.9926662865311815,0.289495608394621,0.965094208206118,1.109166400018132,0.0,0.0,0.0,0.0,-5.135758311376691,0.0,1.2023486402316264,0.0,0.0,0.8961953991014138,0.3389192836349806,1.525753979370749,-2.713212872415548,0.0,0.0,0.0,0.0,0.0,1.2310505347592602,-3.7533899447435672,0.0,0.0,0.0,0.0,0.0,-5.339342479569276,1.476472192881413,1.963735282659332,0.0,0.0,-3.232559614760616,0.993016242575537,0.6272063369759509,0.0,-5.13046846518001,0.389573608141364,0.0,-4.009751951546288,0.8909983696598845,-3.2150398170288232,3.4182370785763343,1.598675213163358,3.133064007877909,2.446972518349046
15.0,0.6,-3.8967655140761694,0.2016931030816422,0.0,0.0,0.0,0.0,1.9259043783754093,0.0,1.960662234110272,0.445138323207952,1.566978560538863,1.3546414092063592,0.3385130196318406,0.0,0.0,-2.619824932813512,1.5870167093273397,1.1627579616207064,0.297223817074752,0.0,0.0,0.0,1.0576848078281746,0.0,0.0,0.0,0.9332734666944096,0.0,0.0,-3.3722506128228993,0.0,0.0,0.0,0.0,0.0,0.0,0.0,0.0,0.0,0.0,1.271209144650106,0.4257505407683262,-2.9094113343985835,0.0,0.6978806285923348,0.0,0.0,0.0,0.0,0.0,0.0,0.0,0.0,0.0,-2.4824091428157207,1.7285101802811171,0.0,0.0,0.0,0.0,0.0,0.0,0.0,0.973843035122136,0.0,-4.837995441385861,0.0,1.0580854901650771,0.0,0.0,0.0,0.0,0.0,0.0,0.0,-6.038694820867608,0.3686390509308522,1.7226841950302707,1.683193349136424,0.574254269392711,0.572251403251689,1.5412275519930516,1.298222781044994,0.0,-2.943587338288695,0.0,0.0,0.0,0.0,0.0,0.0,0.0,-5.887508899878044,0.3873778715634024,1.0180416219127297,0.0,1.2958858165151703,0.0,1.4616398414387148,-2.943714890580707,0.0,1.1246728740856577,0.0,0.0,0.0,-5.488048077362793,0.0,0.0,1.7605141970459226,0.6410236099490124,-3.895443385716609,0.0,1.2473297888639119,0.913837669913428,-2.611610170018367,0.0,0.0,-4.531777504450377,0.0,-2.1744355187210567,4.173209640421123,1.5506551278166254,3.261799691283405,2.6552727128512745
15.0,0.6,-4.498445469565698,1.7301706034068467,0.0,0.0,0.0,0.0,0.8232740282058708,0.8405609557492174,0.0,1.8914823437814825,0.3309176684444294,1.596608690939387,0.0,0.0,1.7838766486041622,-6.743358095374639,0.0,0.0,1.802865397930584,0.6043205105803774,1.2968868484380494,0.0,1.23179864663849,0.7208798825484708,1.5643116604965552,0.0,1.4585268837766134,1.4818740767540917,1.595081680179199,-4.139659445117108,0.0,0.0,0.0,0.0,0.0,0.0,0.0,0.0,0.0,0.0,0.0,0.0,-4.579941547710891,0.0,0.0,0.0,0.0,0.0,0.0,0.0,0.0,0.0,0.0,0.0,-4.77646279280453,0.0,0.0,0.0,0.9221498604947997,0.0,0.0,0.0,1.787776124816579,0.0,0.0,-5.422078099355373,0.0,0.0,0.0,0.0,0.0,0.0,0.0,0.0,0.0,-4.311283243722982,1.245395760507617,0.0,1.4433041606668586,1.9756182490748473,0.0,0.0,0.0,0.0,-5.8486551816530845,1.7544574819366452,0.0,0.0,1.825165220029464,0.8908458242616046,0.0,0.7954811786289044,-4.552503196545477,0.0,0.0,0.0,0.0,0.8664941590540558,0.0,-6.5775500511338905,1.5151566609166844,0.0,1.791404592996866,1.2564500386906525,1.6104314934917747,-7.401267039210855,0.0,1.3012544694582133,1.7531975482052238,0.0,-4.769710577192093,1.0977088911098414,0.0,0.0,-5.8299028502057295,0.0,0.0,-3.60188591832286,0.0,-5.034355371230615,2.911263712462923,1.7338723454679987,3.562097712389091,2.619433413916066
15.0,0.7,-6.623601618269019,0.0,1.1301629473397625,0.5151195368692334,0.0,1.435982196972726,1.8318779135498129,1.9416745630472263,0.5922047603759718,0.0,1.7126519716144435,0.9042731808872014,0.2403754442668958,1.1684305864190125,1.7744501351957507,-5.518180888547948,0.0,0.0,1.3952078927379827,0.0,0.0,0.0,0.0,0.0,0.0,0.0,0.0,0.0,0.0,-5.287773919251189,1.027364257082378,1.1330521093458252,1.700349906362479,0.0,0.0,0.2963423559214442,1.333409625644351,0.0,1.3950146048266243,1.7185633166356185,0.0,0.4011959127226364,-6.415125916621507,0.0,1.5669146955838071,0.0,0.4186554887324162,0.560620815278282,1.913199590737672,0.9525783289865388,1.3372504719685168,0.7629918708638174,1.8304250525944523,0.0,-6.49492392927074,0.0,0.0,0.0,0.0,1.1725563912362937,0.0,0.0,0.0,0.0,0.0,-6.582027366421373,0.0,0.0,0.416885080915349,1.4385116914790856,1.1855885718490655,0.5396346377040754,0.4151000130276022,1.1141239371610192,1.7080495464061156,-5.116028802140386,0.0,0.0,0.0,1.2156424053038144,1.7184832699527741,1.4657912442766543,1.9193985097799775,1.6572849515864867,-8.15690923947344,1.952985461737742,1.6613186917817913,1.5037900590403814,1.7562194602855477,0.4419056548840324,1.6842201430080097,1.662132368727548,-4.040355124207562,0.0,0.0,0.0,0.2727511550886116,1.7115249873986076,1.5384482417608847,-5.812406237733641,0.0,0.0,0.0,0.0,0.0,-4.939137379587987,0.0,0.9889004748763276,0.4383899106769342,0.9356355552022774,-6.596890783604071,0.8788723466063314,0.0,0.9040012324938378,-5.914181287829384,0.0,1.7888247477450894,-7.425992796852134,1.8814150980152256,-9.07119191692737,4.138041154685469,1.5694351253743304,3.142708172012641,1.5616153897581055
15.0,0.7,-5.16571413840656,0.0,1.9768051627874637,0.991591665759245,1.2497044202639658,0.0,0.655321500499045,0.9821226338844248,0.2978679467908252,1.6236612320514463,0.2498075761080744,0.674320023296875,0.0,0.0,1.630226115371757,-4.881155878512697,0.0,0.0,0.0,0.6281128265480042,0.0,0.0,0.0,0.0,0.0,0.0,0.2880019914031396,0.9586338559739765,0.0,-5.621625815910916,0.0,1.564204424020271,1.3502299953276335,0.0,0.6623224796634938,0.0,1.2832744122442263,0.7981550193423556,1.850319182926812,0.6685884067827226,1.0893525487268536,0.0,-6.538479048731921,1.4991081606679275,0.6487060614446926,1.2169510113000472,0.5782692889900384,0.0,1.3995421293016084,1.3835844538937732,1.6126952962521433,0.0,1.038270436388309,1.9404758887037004,-7.131541349300067,1.0507959267568634,0.3535426478142006,1.851699512597928,0.0,0.6252548104395615,1.3168545022841112,1.945066511913308,0.2960163783557628,0.3505183137205772,1.050842006536164,-4.71890642738297,0.0,0.0,0.0,0.0,0.0,0.0,1.939196616791535,1.4213459550805723,0.0,-5.882358960594924,0.0,0.784266228674585,1.590921664197848,0.8750002206709988,0.8983758257411416,1.719535588804715,1.5587240130798612,0.2747904204331494,-4.937916068939838,0.2462591692002728,0.0,1.4509934151859734,0.4635918598296698,0.0,0.2557949215450404,0.8199451265388488,-3.1969629476080907,0.0,0.511452444685845,0.5825210740603582,1.5666695783301454,0.0,1.129728603347934,-6.460596941633663,1.3731008104817692,1.5848912229699814,0.4337246991571784,0.6131870045784682,1.4767346698863568,-4.931036259829087,0.0,0.4317576084808808,0.5018691625214912,0.7430825464049848,-5.725281750738557,0.3266562901121782,0.0,1.074966918683706,-4.707586868309251,1.7450265784002439,0.0,-5.747474628204892,0.0,-6.627504933216929,4.144531363233888,1.567177785223955,3.141363840748533,2.579640408839447
15.0,0.7,-5.112236355020471,1.7380193055461375,0.8981028584384004,1.0976064585121268,0.0,1.615951822886173,0.0,0.0,1.848223791963848,0.6476824179857926,1.3781630196077748,0.429313092285302,0.0,0.0,0.5714099428153884,-6.601429708510048,1.556694211827623,0.7996666250226816,0.7289396478387447,1.4141919280641528,1.4653590384379667,1.7096737135799374,0.9503949663968602,0.6421577359576373,0.0,0.6924156416100888,1.5053466027382671,0.0,0.0,-4.97698004140222,1.919292552140242,0.3617755854354408,0.2018552381269506,1.5398287301697564,0.0,0.0,0.0,0.683644820001785,0.696973324208562,0.0,1.3073285925656026,0.7884641698900772,-6.319189041993345,0.0,1.473174687098606,1.5354056373055753,0.9608436455026153,0.0,1.1777673258850545,0.630198404978734,0.0,1.9013538505710927,0.0,1.1430688969699627,-7.025305352090787,0.0,1.7699575124609894,0.0,0.0,0.0,0.0,0.0,1.8459789612084576,1.6261909125475875,0.0,-5.376979417138978,1.4420868730331657,1.0272535621527554,0.4198609009529184,0.0,0.0,0.0,0.9714475385508302,0.54517581491279,0.9813808764135556,-6.962574827701975,0.0,0.0,0.0,0.0,0.0,1.202593830253202,1.9841997164130711,0.0,-6.49830370246858,0.0,0.0,0.0,0.0,0.2313903528562402,1.9491524417573096,0.0,-6.273175276478246,1.8903321221863172,0.8998561619330394,1.9165935200306023,0.5920448065813552,0.6521185245958878,0.0,-6.663233742565996,1.3433342970180286,0.0,1.294548549629752,1.817240039732136,0.8746588673260828,-6.142302047568238,0.2018748804379662,1.968070384022096,1.229907762227378,0.0,-6.60749356353518,1.5401076377277059,1.8552894413644183,1.546564619294577,-7.229936646737605,0.0,0.0,-7.2893570298997465,0.0,-5.391884121002163,3.019465861313541,2.683499014346514,2.372994049087651,3.164675607043848
15.0,0.7,-6.143587945776865,0.703688730780301,0.0,1.380197718165402,1.1101443042242238,0.544649765918149,0.0,1.9354946184843305,1.5203817425331365,0.0,1.7199066670653018,1.4413906255101878,0.0,0.0,1.9313217188726977,-2.7238917713733004,0.4798709855641862,0.7601046605555618,0.0,0.0,1.0660123863110056,0.0,0.5230042332139542,0.0,0.0,1.0355070144548348,0.0,0.4666249961126568,0.4129705357541,-6.253025754126664,0.0,0.0,0.0,0.8217287037008182,0.0,0.0,1.3790605599867634,0.0,0.0,0.0,1.849211240684098,0.0,-5.006686079292429,0.0,1.1834327624168177,0.8912838416986844,0.0,0.5447606977740578,0.535793708551965,1.9113691534995312,0.0,0.5851609238570192,0.5997190001863326,1.6215496918794847,-5.40526757774263,0.3703263494456188,0.4475694712674796,1.3538825206679055,1.620353327315249,0.0,0.9683481704245362,0.0,1.2903739552442424,0.0,1.6812799463144563,-6.753667815368999,1.7194798231779005,1.9574354935096936,0.3650945300249018,1.989266194469894,1.5242682196986173,0.5576773107712582,1.4273091133039544,1.1014850419587254,0.4979463354052418,-5.608930280308804,0.0,0.0,0.0,0.0,0.0,1.5098690214887716,0.519408742045038,0.0,-6.675681051370186,0.4895918667667978,0.0,1.1842813548485345,1.307998334673974,0.0,0.839066300799067,1.5427436267301153,-4.247706866078305,0.6258426629201334,1.118008089964744,0.0,0.0,0.0,0.4072000437143396,-4.347848604044276,0.0,0.0,1.132233135500021,0.0,0.0,-5.7337669927220345,0.0,0.0,0.0,1.2261643580508619,-5.185386433933548,1.788892116966603,0.0,1.4127778892059728,-4.394114657139317,0.0,0.0,-4.360173342402622,0.0,-7.002078105477185,4.461491757081932,1.7776357605932749,2.9663843222916886,2.7243793919876946
15.0,0.7,-6.087472171796283,1.5004327891492966,0.9723449330191826,0.849380934842606,1.1631865573677962,1.989156466475836,0.7020822811981002,1.1975097058210988,0.7498702657366304,1.8802725411077776,0.9321519457540498,0.0,0.0,0.238555923120192,0.0,-8.405996849139074,1.5112141762681117,1.8916324528009696,1.6712207467438707,1.5503975644039243,0.4770322860352454,0.4566148352326336,0.8324049368372676,1.0506188617456187,1.323888643174211,0.0,0.9107135857364625,1.9402040257867208,1.6956187943638144,-7.683260704127934,1.9880761759111736,1.510688176564193,1.6040285578811235,0.6616521633168344,0.7051116512281858,0.2990656764891002,1.930580566999868,0.0,1.7617922518738105,1.0108709093991834,0.0,1.4110961693050996,-6.2927251761234375,1.0753148182258616,0.7054732506957824,0.0,0.6861302416641628,0.5890749884540316,0.704739504153175,1.0454754910547008,1.9283454178563648,0.0,1.1218070765880461,0.0,-6.554984574026314,1.0498289948395796,0.7282385646073006,0.8170438426174088,1.497116225560249,0.0,1.9294315083476297,0.0,1.438540961600184,0.2293587515785524,0.0,-6.622666896833672,0.0,0.8821369487274966,1.028780581554576,0.0,1.7802353980273478,1.857788430198844,0.7975076008628348,0.0,0.0,-5.674831560091152,0.0,0.0,1.7289404853508406,0.9015369811500584,1.6644548645109436,0.7415625084974466,1.8511408998961292,1.8930220856194055,-3.889033007523599,1.0977728871905124,0.0,0.0,1.34474184975842,0.0,0.5910040528072792,0.0,-4.699061751405202,1.211564113567796,0.0,1.4899486858868272,0.602525141533414,0.0,0.0,-6.246248262289248,1.5948456665008965,0.2509761983155184,0.0,0.2291232619987264,1.9108353248382768,-5.896038147862619,0.474183961390607,0.0,0.0,1.810326700325736,-6.362200429187763,0.0,0.0,0.0,-3.219791868561315,0.0,0.4055520938181166,-4.059627894024823,1.9180617962740012,-6.232185613726827,3.947745020636722,1.7554098297934695,3.090297108695775,1.5566756274642914
15.0,0.7,-4.638189723390084,0.0,0.8112446452009178,0.485488836667828,0.7089411425335662,1.1528068064849677,0.7762247887491318,0.0,0.8402970238512446,0.0,0.0,0.9882579069120202,1.42008657666957,1.0314450588593194,1.0615866608516022,-5.174792177155645,0.0,0.0,0.0,0.0,0.0,0.0,0.0,1.6684041373547642,1.343268175827432,0.0,0.0,0.0,0.0,-3.1949257618491407,0.0,0.834877978584924,0.2848892360432542,1.6368973108576435,0.0,0.0,1.021711453482689,0.0,0.33480283843735,0.0,0.2275464209791186,0.0,-4.63573078468672,0.6162697730700456,0.837342426092831,0.0,0.6105473082006098,1.316663499336766,0.2006215936417492,1.6543782398552886,0.2830473334373162,1.6282454292181878,1.2918894694938847,0.0,-6.202556454800204,0.0,1.7434547041699044,1.144904348066537,0.6444798610148896,0.243575309024159,1.7634181626889804,1.2365469541433254,0.8936600061598442,0.0,1.0462950719900972,-5.727033308089699,0.7062231077897304,0.0,1.4104679162352551,0.0,1.5458666803669594,1.7412125343578797,0.7893736619357654,1.275047974249972,1.710836272622784,-6.9974775389771064,0.5312350430496244,0.0,1.176281008210302,0.0,1.8069686508241691,1.6929247501529225,0.5097980054561838,1.7938445648725403,-2.7760267827170915,0.0,0.0,0.0,0.0,0.0,0.0,0.0,-5.305618975948946,1.1981751054665877,0.0,1.5551656180882987,0.8780220373952156,1.954047884061958,0.0,-5.357766923935984,1.7076454682564524,0.0,0.0,0.0,0.0,-5.476545815113999,0.0,0.0,0.0,0.0,-6.1244638744225535,1.2588547953080274,0.0,0.762905605375451,-7.097152656184528,0.3821944174306434,1.6785557336242054,-5.261039218325417,1.631149417087494,-5.603342051381847,3.9341233989631847,1.386297117907374,2.895299544474463,1.566538627662122
15.0,0.7,-6.241634744363987,0.0,0.7061375129127402,1.561182081933888,0.0,0.0,1.038329868285163,1.1498030610852727,1.5404309120859134,0.2209051248287564,1.6140054969691164,1.6739276938448084,1.6391831579798855,1.3393645788024289,0.0,-6.316058646665662,0.0,0.0,1.21441612032508,0.0,0.0,0.0,0.0,0.0,0.0,0.0,0.0,0.0,0.738156615068215,-4.994911767791357,0.0,1.3648079622123646,0.0,1.6090486225017269,0.8833108935441626,0.0,0.3862155979297664,0.3848758280697608,1.4820753364952266,0.0,0.3395936883305942,1.7677093064707297,-5.072566043351118,0.6782156490786612,1.4476704528273459,1.6824995302750296,1.8783321819975307,0.5381653513060282,1.2488357738823985,0.7216548942779528,0.0,0.0,0.0,0.0,-5.174736738595697,0.0,0.0,0.0,0.0,0.0,0.0,0.0,0.0,0.0,0.0,-5.441736987384602,0.0,0.0,0.0,0.0,0.0,0.0,0.0,0.0,0.0,-4.045390460171569,0.0,0.807713930617542,1.0176177135935311,0.0,1.602403402765787,0.0,0.0,0.0,-5.639745694948339,0.7902135757875356,0.6826312479059802,1.1302437151781133,0.0,0.3732955733231742,0.0,0.0,-5.502925102885916,0.0,0.9567969784648576,0.6111428821025072,1.3472625144237602,1.0333491378829105,0.853382320752124,-6.5381149596310735,1.93891894616664,1.9201375065701292,0.0,1.4934813622866694,1.449448424965011,-5.640475113443703,0.6756663677434592,0.0,0.340059871281165,0.0,-8.299908940050418,1.4098181269538708,0.5334235319262756,1.70133841197457,-5.597129331650616,1.1796470409653468,1.2249772715323082,-5.526521305048412,1.5403140748499116,-4.637663212806435,4.141070416791233,2.577740373656267,4.142868624034715,1.5637337931604982
15.0,0.7,-4.672171619272547,0.8786966679255376,1.985988508067304,0.0,1.570243918423127,0.0,0.0,0.0,1.0223734791436192,1.6471776847785047,1.77200648854974,0.0,0.4678564916572594,0.0,0.0,-4.610787241932269,0.0,1.911007944739446,1.9463283221309873,0.0,0.3362979606519772,0.4524807962874306,0.0,0.2649136131604722,1.770254293075728,1.6615948858929595,0.0,0.0,0.0,-6.676274492540944,0.6236641726062216,1.9767758096185777,1.8713439123210929,0.0,0.0,0.7707871846460878,0.3890686967617162,0.0,0.0,1.9694797848463592,1.8107993745644215,1.9546415416501093,-6.185390068409254,0.0,0.4740005888376132,0.6252723735223183,1.1119864087304965,0.0,0.0,0.0,1.8343558079592128,0.0,1.2347375207430777,1.4727705297987213,-7.71516540955134,1.5609831490621984,0.7805872292610054,0.0,0.7718421915607938,0.9698123828409776,1.488695421052139,0.4684507016160802,1.2288363468266263,0.5621027205982636,1.2204931074878904,-3.3286629584139993,0.0,0.0,0.0,0.0,0.0,0.0,0.0,0.0,1.8133849537403723,-4.389117027547313,0.2471724146908792,0.0,0.0,0.0,0.8655943013098634,0.0,1.3205870111384668,0.0,-3.6068931415901515,0.0,0.0,0.0,1.4964496595964212,0.0,1.3409888109631216,0.3529333556271008,-4.880825868586825,0.2945643376124548,1.2963907681629616,1.269195439428483,0.0,0.952957710845081,0.5324351067715368,-4.535689335331304,0.0,1.459550878145162,0.5591246396201638,0.6403425771249498,1.7563769455454232,-4.405360584531038,1.0165757811109557,0.4258757318254368,0.0,0.0,-7.116429881555635,0.0,1.686798609065326,1.7676773445336382,-4.992154715189301,0.279924210225706,0.0,-5.88369861640027,1.9381586875321264,-6.40443578634346,4.133235153504107,2.656568407772234,3.1772928247433416,2.580807197714925
15.0,0.7,-7.434409095525428,1.5008712484966211,0.0,1.2729893484436814,1.2610411761967146,0.6829149294793432,1.3052787847554246,1.9086887324492867,1.047523658615377,0.0,1.481834299615398,1.783412695377531,0.0,1.8047012114585463,0.8195621061629306,-5.383454140491962,1.413637096740555,0.778260505791443,0.0,1.4536919749018617,1.6525571742235956,0.5308536330784513,0.0,0.0,0.9841505638310668,0.5106015576332962,1.942284526287034,0.0,0.0,-6.773767894708691,0.0,0.0,0.0,0.0,0.0,0.0,0.3302199218672404,0.0,0.0,0.0,0.0,0.0,-8.049365061449105,1.7198015482550337,1.4197988294213861,1.7230462861214184,1.0281142708656752,1.9719554466699143,0.4139368987061054,1.866798056858254,0.731886691708067,1.2120913058715377,0.2856473283799782,1.674403605805719,-6.364448705182966,0.2156556043246932,1.1050061372520075,0.9593169020583228,0.8340302433473428,1.9903792581098008,0.996308754325017,0.4591126158877762,0.0,0.254870642362919,1.6661891524867132,-6.358203475796338,0.7915783408380958,0.0,0.0,1.1547843910746092,0.9441705637788684,1.298456604007268,1.2894980540282688,0.2467844409754654,1.4610399293537883,-7.894019008049787,0.4407109544959366,1.3806798465577774,0.0,0.2641691074806812,1.7102386124167261,1.6486645633646229,1.8033481759111425,0.7476679654184268,-6.589004581266432,1.5570427474585355,1.5900437095343083,0.0,0.3792985734097222,1.604018739854285,1.3584324250069812,0.916900446928245,-6.88246252064662,0.4919793947108384,1.5290577165909873,0.5714063900535746,0.0,1.4510301028213592,1.2594705584444632,-5.613776455586768,0.0,0.0,0.0,0.0,0.0,-6.735038347458497,0.6051665992108294,0.0,1.1809955408828496,1.0039048021503187,-7.5711227251267035,1.6894209340898547,1.9992488578849048,1.8463293655784327,-6.260320226055052,0.0,0.0,-7.2091644751655535,1.1491061629086423,-7.705802590160852,4.269536803440196,1.1985652051222733,3.0492917229410215,1.2816735831655675
15.0,0.7,-5.152874705490975,0.5313785501064974,1.7322134676288652,1.072409906708185,0.0,0.0,0.0,1.3781211705032061,1.81193374113428,0.4255920283655674,0.8960288132254168,0.0,0.0,1.1813057198890748,1.2767660134208554,-3.626896742376249,0.430248515065995,0.676552792188153,1.8227709134386512,0.0,0.781965846326581,0.9132778532682878,0.0,0.2075565556540204,0.0,0.0,0.0,0.95965513713262,0.9303873215716926,-6.322370900986542,1.3690355395044094,0.3906394355167056,0.0,0.9369348538564234,0.0,0.0,0.4348890023744446,1.52590031342922,0.8427113995231086,1.4460452750168566,1.8630889189532789,1.6730350811037775,-6.252062478571646,1.7338492798039884,0.0,1.5756701390670667,0.0,0.0,1.9710000382987336,0.0,1.700107683564642,0.2006183646245178,1.1698204169114907,1.0350607964721041,-5.516852379560351,0.2082144038528728,0.0,0.0,0.0,0.0,0.0,0.0,1.7800349194254836,0.0,0.0,-2.8919801445804607,0.0,0.0,0.0,0.0,0.0,0.0,0.0,0.0,0.0,-5.4333861884892265,0.0,0.0,0.0,0.0,0.5832984117355512,0.0,0.0,0.0,-5.333580837549536,1.4862743617937626,0.7502179827657984,0.0,0.3548822984746252,1.7102053721728905,0.6544305962131578,0.0,-6.078320842115992,0.0,1.4174400096999222,1.2714456986918756,0.0,1.9564347787670833,1.4779407629226058,-3.7552634364449164,0.0,0.0,1.9697050812186447,0.0,0.0,-4.663010440535351,1.0285359468377109,0.0,1.183114366386562,0.0,-3.569779647397633,0.0,0.0,0.0,-3.7843620347763904,0.0,0.0,-5.727222947422882,0.0,-3.5361646869477994,4.127794435506526,1.5654885307920627,3.1479626691861418,2.5705317525565277
15.0,0.8,-6.8964245035191905,0.9768115909749778,0.917004479329868,1.2043962852340657,0.602094166343458,1.455463305119165,1.7987503143030241,1.8197634012195771,0.8646801130640256,0.638611290587994,0.0,0.8500486016495208,0.4283626556770044,1.224178959251619,1.0126838442840822,-6.465773723595968,0.9847907095875514,0.7857924007258538,1.6324091288103109,0.2113323002465576,1.4643818224466427,0.7190864171121696,0.8631772375025522,1.1347443752666535,1.8136062416124328,0.368809510494786,0.0,0.0,1.9766057124114471,-6.000115210683247,1.7896739329311382,1.8307674756562025,0.6051440019497852,0.0,0.2360238560703704,0.323024238544597,0.2528084365099282,0.997153129864618,1.7829010346272391,0.9782419699125218,0.0,1.3026971563826735,-4.787936450723944,0.0,0.0,0.3730994733464202,0.0,0.0,0.2834948427790844,1.5870274513799267,1.1601851239511294,0.5088237074164048,1.4141049741459992,0.4692747095378654,-7.0784790694946,0.6344148045030502,1.5898018005078542,1.1168951606923432,1.1199068150018243,0.6773264998759804,1.6547920751546523,0.0,0.0,1.8817538959509887,1.4167963164925361,-4.71188449106888,1.677065518543696,0.0,0.6193378153518934,0.295556356395453,0.4528009488923676,1.0775856920421705,0.2394457217039076,0.3596492510392754,1.7959732663504389,-7.445717831203225,1.29329754977789,0.5959942035798118,0.0,1.4868623132100296,1.268248065318285,1.7278120901001164,0.863271311593736,0.752851199678943,-4.960811435789935,0.0,0.4846806028152018,0.9503878287564606,1.3430055967784222,0.0,1.5557783509772152,0.4027041073802198,-4.876361810251257,0.0,1.062017675461604,1.7990283303814931,1.7416048711485874,0.4721616771682608,0.2917906432978656,-4.181701924902722,0.5616968605964866,0.403885751980049,0.9187883413011224,1.4231183157077856,1.2886921759897039,-6.335233880660488,0.0,0.0,0.0,0.0,-6.7376482403249005,0.4515734497095072,0.0,1.9897085974898476,-5.1060175219323,0.8991106477541626,1.64112889964657,-5.809910916329162,1.0800306283989278,-7.710468628670561,3.1422135900510924,2.579549584860445,3.14638349069965,1.5705894670942417
15.0,0.8,-5.610346057787941,0.0,0.7337002977677674,0.5886752646435908,1.1244663168637241,0.0,1.9140528983033829,1.3260322045316069,0.0,1.840505954594179,0.0,1.8910076207922533,0.0,0.8641000421146344,0.9381515159647456,-3.7502028238908633,0.0,0.0,0.0,0.7748334909130326,0.0,0.0,0.2195145619983952,0.0,0.3593766676659804,0.0,0.5263617222060282,0.0,0.0,-5.791121096381107,1.0472617391260952,0.7010932312190242,1.0421591042465255,1.8490633159333332,1.282749409449114,0.0,0.9363746880415742,0.0,1.5331864626624356,1.453151100872498,1.0035028434438469,0.0,-4.1833999791281515,0.0,0.3172376054992638,0.24892538925161,0.0,0.0,0.0,1.4202238644513907,1.641852722547666,0.7489509986939824,1.8792800680266228,0.4743923060160806,-6.299781151784242,0.0,1.3453410990131007,0.4770368087226936,1.603596884009615,1.5215808027019233,1.5145248957789297,1.5892633729896237,1.1210971906674718,0.0,0.8779251137324772,-3.878288936151438,0.0,0.0,1.987832730202599,0.0,0.0,0.0,0.0,0.0,0.0,-7.9256412030231544,0.8529509046160548,0.7064074359741016,0.726946541885945,0.7747913193461754,0.6827788034684688,1.549456535226617,1.876114231438832,0.9851618184478594,-6.249505876806157,0.8481198221104403,1.3492053894928584,1.2396812196731692,0.0,0.4285363479694126,1.0117632794847242,0.0,-6.522395697525792,0.0,1.9218571609506112,0.0,1.2303213154243324,0.0,0.0,-7.002333714756597,1.1584363736712306,1.396572519703992,0.3493762770622234,1.2967477172420514,1.7864502830641333,-5.803674967745499,0.0,1.9216800170066335,0.0,0.0,-6.938039246277728,0.0,0.7967862710269782,1.7787880895641828,-5.200591839469134,0.0,0.0,-5.357246693968944,0.429573349635814,-5.455322266026094,3.3193015274380526,1.379401468984907,3.0174969252151103,0.4950660200387989
15.0,0.8,-6.0352247593751525,0.0,0.0,0.0,1.3917624784642286,0.0,1.8170660715753055,1.7477183356150028,1.6347866237321367,1.0477070515697084,1.1639256080496103,0.6406726971072814,0.9343415423988733,1.1745849250389517,0.5178841851992052,-4.160341624723475,0.2738036207684662,0.3114870495428506,0.0,0.4349609502877958,0.0,0.0,0.0,0.0,0.0,0.0,0.0,0.0,0.0,-5.991365110961703,1.0396864732786455,0.0,0.4754930481867916,0.0,0.0,0.0,0.0,0.0,0.0,0.0,0.0,0.0,-4.284663657365216,0.0,0.0,0.0,0.0,0.0,0.0,0.0,0.0,0.0,0.0,0.0,-4.243088363434806,0.3494840483841656,0.0,0.0,1.9202039813787943,0.6940309200006096,0.0,1.0586508487006017,1.6076740295944747,0.7174209564914478,0.7469494638552908,-4.3564739142686255,0.0,0.0,0.0,0.0,0.0,0.0,0.0,0.0,0.0,-7.401253009942519,0.0,1.3294364989562562,1.7928079381763482,1.768126416631563,0.0,0.0,1.7888731047349788,1.559019500084462,-6.175852479274711,1.134097926159958,0.0,0.957018207667086,0.6048379993528178,1.1125895170429243,1.9662678760968408,1.1171589961123698,-5.677762487143937,0.2687387698237316,0.9336519500056571,0.3191170215185328,0.0,0.2438631794808712,0.4050541501943946,-6.555916705056883,0.0,1.468215063191506,1.4944463002206918,1.6811083845461248,1.4927535281089477,-5.755542992354618,0.2596255842343968,0.0,0.7389791255894872,1.097174435062764,-4.6334590522833725,0.4963194138820704,0.292696103121791,0.715447358782056,-4.589130530477277,0.0,0.0,-5.472495419605884,0.9315757561415926,-6.502067189997051,3.7083952144128767,2.106270382169759,4.30511748545612,2.5808709866501256
15.0,0.8,-6.525561916640885,0.8975908179234504,1.6380368852057001,1.584437832851724,0.0,1.9647199595858096,0.4431305146992476,0.4459443629616506,0.0,0.7751265950574938,1.4381083719548415,1.3468958968827758,1.0894893659646003,1.4276432301944741,0.0,-6.22138306038826,1.4672352920829301,0.7732856423145588,1.5976879220035716,0.35134386020619,0.0,0.7592517101795632,0.0,0.9225170052747226,1.9916836080909923,1.6446056593514558,0.2457912230260786,1.4940054383516437,0.2977679419713632,-7.9373921915599635,1.768422891098697,0.9479517021106968,0.3289282647247294,1.514846679779294,1.141322471607245,1.5353785337986299,1.1462687964321885,0.5009203076317827,1.6464962767845852,0.0,1.9542529988677064,0.284723282995742,-6.797638484240024,0.0,1.2253594839026138,0.7463395854949694,0.0,1.811020762107528,1.768232777235741,0.824812222257718,0.225753729793679,0.3932185358976282,1.0268100992364337,1.4475834062887567,-4.950224761932402,0.0,0.0,0.0,0.6833612855416236,0.0,0.0,0.0,0.0,0.0,0.0,-5.40877125247065,0.0,1.3136540292695102,1.000129016103607,0.0,0.0,1.9271507611244088,0.2954204110251602,0.5916156301478808,0.8979417456953396,-5.636822280134287,1.4773154174936587,1.4769124051709046,1.7666026896241083,0.2011387622604394,1.6348490253391506,0.0,0.0,1.4649392721123426,-5.1878801417578995,0.0,0.2427167338371302,1.480915935621797,1.8531912659620204,0.0,0.5829626018362478,0.0,-5.975248071756363,0.0,0.0,0.0,0.0,0.0,0.0,-7.747952498989016,1.8212531547977624,1.0650285849841725,0.5062543960794078,1.9281759778719336,1.3866280409548473,-6.19179713463752,0.0,0.6726242103245518,0.2387481060751928,1.3323301989240932,-6.590364497561473,0.300716180760176,0.0,0.309265249170989,-4.688765694582307,1.417839102574878,0.838231041554142,-5.668488854933165,0.0,-4.1297050898338075,3.1422676713186606,2.5794893458773753,3.136696602501541,1.5707295882108623
15.0,0.8,-6.913070363760556,0.4169541934223764,0.0,1.9088313783734063,1.7987087640533583,0.5135529989899228,0.0,0.691619159688771,1.2304139775384504,0.8530164523044178,1.986619920625888,1.856741154783008,0.6891888864721274,0.0,1.8804938412693868,-4.745862374930664,1.3947017293420072,0.0,0.2616654906483642,1.971485581762341,0.9091590829680982,0.2743850630682146,0.0,0.416092073018931,0.0,1.0294392299887607,0.0,1.5469832837799171,1.2708590218623175,-6.9062768382393855,0.0,0.0,0.0,0.0,0.0,0.0,0.0,0.0,0.0,0.0,0.6402292927411486,0.0,-5.43529305195273,0.516122085054213,0.0,0.5514850900523348,1.1135289636565358,0.5853308757383884,0.7035711096571184,0.5586622764926498,0.6724995628291126,0.646634946765424,0.2763855261621468,1.5029554285532685,-4.854641142670068,0.5000832135823302,0.5599710957392948,0.6716407470273094,0.5076374551591069,0.5602532270478006,0.0,1.0831569457264254,1.0185113366708467,1.8598423393542936,0.0,-4.9965823363854005,1.4400194463187665,0.9553609644292026,1.2928677662293764,0.730152308911268,0.0,0.0,1.888983147195071,0.3178046652842052,0.0,-5.782212863877879,0.0,0.0,0.0,0.0,0.0,0.0,1.7070640506295294,0.0,-5.302944681869014,0.0,1.2064705467712487,0.9236282526983932,0.0,0.0,0.6271796217247624,1.356624539395842,-4.2850483927419765,0.0,1.2214085114086783,0.8163087001881912,1.07236056514164,0.7602130045707278,0.0,-5.699602503552347,0.0,1.5798385420203358,0.255950292386335,0.2829877518813998,1.3099691608183086,-6.481077853075026,1.8342794164911864,1.3170783462036642,1.2318014296733921,0.9894626687263366,-6.086015734774561,0.7260947827733264,0.0,1.1675772689757409,-5.95657341296999,0.7138615262427568,1.6377786122603524,-5.9032568882792305,0.0,-7.460591153198552,3.1483039810054194,1.5755459860408416,3.1267545409967443,1.584352940924148
15.0,0.8,-7.601828511661796,1.7035229841412245,0.8184685598187774,1.7754870785368302,0.0,1.2571736410945225,1.8480810647916104,0.0,0.9154640507168588,1.018262607146737,1.9080920316696872,1.4383944832505249,0.8247264494985111,1.6959840726583082,0.0,-8.028836942286768,0.0,1.6257973516334339,1.6897289504861075,1.3357449106101233,0.9667382378670052,1.2489940101193344,1.474675092786326,1.554449585350379,1.9650120889169,0.21928145532378,1.1135094219655042,1.1602197953734152,0.0,-4.957937898785177,1.1478587244354816,1.3740009667776787,1.1278824812287602,0.0,0.2824980662147718,0.0,0.2739011392751276,0.6945122490717603,1.754552971043187,1.6569017284429,0.7852989112619098,0.0,-5.538968451258268,1.8823785020724144,1.3851742702589114,0.0,0.0,0.4445139557581498,0.3012928060863246,0.7302844413443136,1.3041866086290466,0.0,0.4809631637616268,0.0,-5.879255515400891,0.0,0.0,0.7355965302049258,0.0,0.0,0.0,0.0,0.0,0.0,1.4572619458241116,-7.068325910511341,0.2565564613870788,1.8137857128732455,0.2716979318429536,0.76711526047429,1.5831311512691886,0.534236080764363,0.699732875276493,1.4866498980478149,0.0,-5.659416774052906,1.4133634966021862,0.0,1.3166565130100887,1.505352695232395,0.0,1.80734795539416,1.137692108741581,0.6469819506842358,-7.8596200853982054,0.0,0.0,0.0,0.0,0.0,0.0,0.5690694625043482,-4.426538636628432,0.52865079266974,1.0541602769587766,0.4552067211787976,0.8873086000974042,0.6172760675271118,0.0,-7.913900967828411,1.3852651817994215,1.52105690047235,1.759772844811028,1.7144464696045048,1.2691674499366081,-8.965145294192256,1.9233093628318267,1.2658802247570815,1.6952973809963245,0.6131381225075474,-7.454010068158548,1.135133544921989,1.2129613789979226,1.0473444322729677,-7.112968221151693,0.0,1.1887791983821911,-7.081764592479551,0.4170404657215662,-3.604391513916788,2.8502342438957724,3.5624921784298027,2.6604385874570693,2.5417480029418513
15.0,0.8,-5.634300518830087,0.0,0.2385573989558574,1.9085584774006208,0.38936876200885,0.840503322552708,0.0,0.0,0.9319141835715288,1.9737313995050936,1.660521021700042,0.0,1.3086975811380028,0.4562577139355952,1.560491176891874,-6.464629614789921,0.0,0.0,0.0,0.0,0.2231560201465552,1.4742905579827907,0.0,0.0,0.0,1.5525324722758163,0.0,0.0,0.0,-5.020439075361521,1.8280176442788303,0.8353755413919752,1.1943360575045658,0.898689327066215,0.0,0.4767152605586612,1.5755334437415847,0.0,0.7595901092817026,0.0,0.0,1.0731765777942062,-6.342834025235608,0.219749088205152,1.6365296982592747,0.0,0.595091881275263,1.1403450014122676,0.0,0.9852795274956124,0.741471826873972,0.0,1.914998340519632,1.7156265647505917,-4.584449677796532,0.9081975590832588,0.6641117600831113,1.421676255033175,1.3211282664078081,0.0,0.0,0.0,0.8469959343214462,1.4064895497426082,0.0,-7.706405543352886,1.7133919383122924,0.6775808117428064,1.3279311113816479,1.9798413809971152,0.0,1.6737382771206526,1.806145332129384,0.0,0.7992140683625272,-6.739199447100122,0.7265292177374604,0.0,0.0,0.0,1.6016590057952016,0.0,0.0,0.0,-5.548727114824299,0.0,0.0,0.0,1.1424206289352066,0.0,0.0,0.0,-5.046752043690142,0.438083353874093,0.0,0.0,0.3514195886445416,0.5571967210202448,0.0,-7.625157953630184,1.9348087110943872,1.1896727982942292,0.7281919546003633,1.4177357478806745,1.2567550985321867,-6.683844677526332,1.7086223394878728,1.050983319820065,1.6807053478664773,0.390190343638707,-6.377376253131667,0.0,0.0,0.0,-6.229028549295642,1.5608108303404638,0.4135397093433928,-6.407209588994057,0.0,-5.169570585913904,3.082545736119218,1.5421781304880406,4.161395998129188,1.56117725585616
15.0,0.8,-5.9662133772431645,0.5261588593131432,0.383227870786623,1.2066473414944507,1.30369542871654,1.0178420854470787,1.5417900122435793,0.0,0.260103837120967,1.9207709204527252,1.9278693693977869,0.0,0.5013441505977112,0.0,1.3429768789157235,-6.333718368025944,0.5980495263326934,0.953956264147441,1.6706689749618209,0.0,1.249194777818003,0.0,1.2129928519645892,0.8729284310805056,1.8712695315751784,0.0,1.6539853599446241,1.4077717304817268,0.6504604284321626,-4.611473384247806,0.0,0.0,0.3366199995929272,1.3912248823814368,0.8267898087680292,0.5507436309917134,0.9159751046910006,0.0,0.8023673909433918,0.9872336295312596,1.6130223707692088,0.8176925537073276,-5.344903955878197,1.2123786683977384,0.5828437246416622,1.5564333931462009,1.5745041816095242,0.0,1.6073621441860673,1.1934929347083831,0.0,0.0,0.802189259424928,0.0,-5.702944417764385,1.4703624199396523,0.0,0.8585885665569334,0.6371049996180304,1.0706382349389667,0.0,1.190428265123952,0.7138467447208678,1.2781765325542689,0.0,-5.05510394443639,1.3404159969373672,0.7127158678995226,1.47301080320873,1.6998001281632389,0.0,0.0,0.438686650330633,1.0379102127119688,0.0,-7.589610091998788,1.2959702798637165,0.9920429038514772,1.4826635954645286,1.0619577560897535,1.1428415002901082,1.8581321576857208,0.2665529282256826,0.0,-6.458072753034468,0.0,0.0,0.0,1.3067883151786859,0.0,0.0,0.0,-4.6537244662637125,0.8206721954822642,0.4124754739576328,0.0,1.5533499749969262,0.3901882415597804,0.5949630229672878,-7.312469743166487,1.364575325681233,0.3826971703502044,1.4581103005117741,0.0,0.0,-7.061248589588721,0.3887872398123562,1.8573664475604417,1.0223663329961405,1.2186118680108111,-3.627816587891901,0.0,0.0,0.0,-6.721748730991774,0.5530874719027108,1.2054089116933537,-5.14225522798362,0.0,-4.197081287314866,4.221839080346336,1.405146906395533,3.1682809161459144,1.3981922784900678
15.0,0.8,-4.586601168022877,0.6003179299068524,0.4218418991837666,1.3173176997735323,0.9914735875859592,0.0,1.3529940984550233,0.0,0.6399554142269068,0.0,0.3247119470662506,0.4812006216112846,1.8735855218699569,0.0,1.1698036163662222,-5.187376702346224,0.9395244860894446,1.6707023003832755,0.0,1.203130772520326,0.8662452492289622,0.5414376138147804,0.2014016809800524,0.0,1.2227190441930658,1.6184452865005674,0.0,1.5108290410751204,0.0,-6.56957762013952,1.5825219739911098,1.0794255448561862,0.515556117939188,1.5071983360280707,0.715469375945735,0.387282081440131,1.5187748463426138,0.5553397243654318,1.1367572904511178,0.6120899749193144,1.6175144323107902,0.5498591564161404,-9.357136155643182,1.9445037551226536,1.4957413951684355,0.0,0.4000623190740226,1.5338228306804516,1.7037481808641965,1.7258424274563606,1.8558412858241415,0.2631090024755706,1.981465477038554,1.2395936634340654,-7.292884166521795,1.0797986667019464,0.0,0.9971018987873482,1.3627451296633064,1.6190505751747248,1.8596720896028096,0.3049089139052682,0.0,1.9107987945170848,1.4362893771263028,-5.773093417164407,0.0,0.9195427738216744,0.0,0.5070324117159124,0.0,0.0,0.0,1.476011836595156,0.0,-5.086086889691772,0.4961602104019042,1.0085308703068074,1.3545952396638508,0.6062095594921078,0.2344064155412142,1.3928369150392153,1.3529968852263872,0.0,-4.3269981228198855,0.0,0.0,0.0,0.0,0.0,0.4395726832121692,0.0,-6.344057568222507,1.0990506120327517,0.0,0.4884509066407614,1.4963084088837442,1.305450190954284,1.1846437847550897,-5.304120595721184,0.0,0.0,0.0,0.0,0.0,-7.238182091364968,1.8881295614625313,1.482455004582309,1.9867299346273453,1.2179503109345649,-6.601163374890987,1.8137963250018512,1.340137414873242,0.2064470845033796,-6.5500647170572215,0.314814274742531,1.4234931543482368,-8.585956783791682,0.0,-5.444627063469138,2.324589183393472,1.2036527849043521,2.7870714729949566,2.8375692443149423
15.0,0.8,-6.184876313679492,0.0,1.2496099473155342,0.5911976042386242,0.0,0.8155836946055032,1.7946223281363818,1.8796126157768591,1.1393551320197148,1.5853461980065886,0.0,0.3485425901837284,0.0,1.6794031956506694,1.2864793214253825,-4.598209938712129,0.0,0.0,0.5939356984353256,0.0,0.0,0.0,0.0,0.0,0.0,0.0,0.0,0.0,0.0,-6.422342552286907,1.6449508552646948,1.2655555700528978,1.4616210118912982,0.6281093763713176,1.2579495443031634,1.0294055426615392,0.2431571833834272,0.268433525321751,1.4308352617590638,1.7351111566188682,0.385079558526047,0.0,-6.368178778856514,1.1050704901694088,1.7838899035542566,1.309571872992024,1.877083143924882,0.0,0.0,1.3759954184765821,0.4970639000936666,0.469126047521581,0.0,1.051354486471723,-4.927518285305204,0.0,0.0,0.0,0.0,0.0,0.0,0.0,0.7836012269319402,0.0,0.0,-9.160299684759643,0.6374237547011028,1.8997482809739012,0.8196836494805058,1.57531107916588,1.9522403830115984,0.7631417357775896,1.2951568662043398,1.9871211344304835,1.5323140254426666,-5.7986019739903,0.0,0.0,1.2286680783816493,0.0,0.3147497059350592,0.8201426773047016,1.7953002990193478,1.7443166317637053,-8.164501531855995,1.6762652613365632,0.3584280776675702,1.0155976887586884,1.7119879277958678,0.2858298682053334,0.2015361897604094,0.8507643898220352,-4.9295762213763705,1.107427716511393,0.0,0.6009469929008308,0.6200971309409208,1.742389467570018,0.7240717846948852,-6.630106151185956,0.2749415201514858,1.9732599094335208,0.0,1.8192970226501792,0.8221598301437179,-4.450240066141094,0.0,1.236318881623754,0.0,0.0,-5.829462793346685,0.0,0.0,0.8040329522002562,-4.333838136789008,0.0,0.0,-6.085873369045758,0.0,-5.782301415688026,4.150146383842677,1.5670694676307713,4.157705798988563,2.571379849420793
15.0,0.9,-9.107266168294837,1.318143599194259,0.8133217853330552,0.7161835283998284,0.3603294961395116,0.8386940851030305,1.5576355567472184,1.8423137264384513,1.99882409184408,0.8609390711451728,0.9184032563924855,1.6328692146017445,1.872596267639436,1.8531272498179023,1.6311514077934974,-5.850757192797213,1.453714592624171,0.7166769849475104,0.0,0.6525301562932726,0.293986705462103,0.915013696571898,0.8312440831814352,1.2593565348536515,1.1123520251606893,0.0,0.5381668419111558,1.3081526923030573,1.3021764730912209,-6.532443609783626,0.0,0.4282130933337208,0.0,1.4825788090106125,1.0422677877657942,0.359040469681557,1.309282958145155,1.929156665483122,0.471687243181605,1.3305483627488297,1.4932382857748054,0.9518371664848242,-6.010992839834219,1.007821050545872,1.1148908116904963,1.4409771986640754,1.5966168960040774,0.940342741600311,1.5620796827636312,0.0,0.0,1.2426208090706297,1.6837759759820066,0.0,-4.1249727382728345,0.8386301174242542,1.6716597540255993,0.0,1.7918650257786592,0.522753309996812,0.0,0.6743434334212906,0.0,0.9543301958799486,0.0,-5.713129934653821,0.5343944441544682,0.0,1.630838351479616,1.8816015553745091,0.9420331505942494,0.4356380937303826,0.960159494535662,0.0,1.596849608927704,-8.633722595711168,1.440741957702733,0.2514822072758012,1.046424180504791,1.3770704352148677,1.7357783755093767,1.9416930537036128,1.1723769704345537,1.3206455430125212,-5.655939038335423,0.3258393509212984,0.4433714553964078,0.8379820324845716,0.0,1.7160336539520231,0.0,1.1516975194335919,-7.643308381592342,1.1130307789157825,0.8711181932330908,1.908761804017544,0.7267771334044586,0.9585582276104014,1.5788943042406485,-7.701080877078533,0.4930287767128236,0.6058926576986696,1.6682107426214468,0.9603693025918164,1.6758207474363966,-6.722835706885809,1.9308771480932232,1.2180063615293537,1.3602662271416466,0.4553771417314962,-6.351104689145618,0.6822108510113268,1.6794997780691836,0.944650778956889,-7.742654727559825,0.2536821403922406,1.3346037425994726,-6.8386885229987815,0.0,-6.971852216854132,2.0479957748361888,1.2451828057786942,3.1520864062210596,1.5961822150935558
15.0,0.9,-8.17035521730928,1.214914843443418,1.5722899119532436,1.5850851322046635,1.5845578782332705,0.7702062458588366,0.7119619862439456,1.2769297825890495,1.94334098503947,1.1850963241611574,0.8817954481856454,1.8497263443284744,0.0,0.9124681325047598,0.8523374198726288,-7.061645034672162,0.4292337264349216,0.5098968278336558,0.0,1.8181271887248769,1.2074049455557132,1.1708545143870568,1.07824660577166,0.935462194939278,0.0,1.7154834859887131,1.7556799369134821,1.7332524192280592,0.5547333801234906,-5.973292899269646,1.1863261076655416,1.572321977581643,1.5336274197353295,1.2840268122101284,0.0,1.0475342120170617,0.0,0.0,0.8364458245412402,1.2252875670138828,0.4825817248404034,0.7769105145458962,-6.542102721748565,0.0,1.157870174814705,0.3254945708321734,1.5471059159204306,0.9918229542442863,0.8225675523768656,0.8778108174121328,1.4789602140978564,0.7626336037538588,1.8386315723409592,0.0,-7.399534063653826,0.3356156384911268,1.1494618053637622,0.663227256930547,1.6922288513596562,1.8961378421051407,0.8800688792196754,1.6020197992855303,1.273610083055209,0.822503087750846,1.3273150279312447,-6.998871976432566,0.3367861707142998,0.7553284182731358,0.4222191122949548,1.9246225204659932,1.2866774053176866,0.9955669846160368,0.2092588768514746,1.0745865828895573,1.3772512138171202,-6.958354025303672,1.1133472639250617,1.633893464226336,1.075917731816356,1.1397533429184301,0.5052722305361408,0.2785538020417314,1.4067166956358927,1.7481172285873712,-5.360003346552291,1.119231147770867,0.8879970304110988,0.5050119924211598,0.0,0.7291955454914144,0.2610634279895246,0.6907143969952362,-7.205911027247585,0.5089732857672002,0.0,1.7288198567866242,0.3057906006096574,1.3197402641512124,0.6199807144561854,-6.456011489675705,0.6207957875521284,0.462350395074498,1.2696655963969017,1.0485758639227782,0.2738608543620144,-5.33804091724681,1.172674291639218,1.1598857753455234,1.9384498402629615,0.2131582542190586,-7.678583458463989,0.527849660964191,1.5513581442257072,0.9306396848437468,-5.529574109628034,0.0,0.0,-8.015338291878928,1.0593139299718972,-5.702317446250668,3.785558669451339,2.678976602138556,3.002349987355387,1.6005868879160692
15.0,0.9,-7.126877638603335,1.1305897152190265,1.4834515514246218,0.8347353854292664,0.706500707806426,1.6198000629615243,1.2045133818207614,0.2698944376816898,0.0,1.9280702104869167,0.3411417408031676,1.2449248045669807,1.198347298600151,0.4617570699317264,1.8300289104744107,-8.715964493894033,0.5206750164908226,1.3212363456971297,1.757972044600884,0.976551498029036,1.5443805408029865,1.200149422134597,1.7232983395299841,0.533425906219353,1.4317682262724905,1.9579434456110223,0.595103042781916,1.2927069942922278,1.4461284501065867,-7.523359458997059,1.9592568623832791,1.4351420075085495,1.6045330224882277,1.766420229703776,0.0,1.9384022820915032,1.7620500159242138,0.7870078698611002,0.3771170431902092,0.2325670048883862,0.381492635926833,0.7986033761125964,-8.58236224733595,0.6003605179121054,1.8283458751658044,0.9092157400626708,1.413213967328201,0.42702151508308,1.2207505612937566,1.4462256824053783,1.3955173699005272,0.8536921893890352,1.2826143567944976,1.6725381258271685,-6.53909617144404,0.0,1.7480004806486216,0.3940351089332228,1.709110660459519,1.9435958455090616,0.297479093721652,0.9593036999357398,1.0283588267989714,0.2491976074152382,0.2491357416380884,-8.812428292127315,1.9272791084007552,1.6950835017459238,1.3340718634323194,0.4787217893974312,0.8125776987191848,1.0222229266258875,0.8475744144692908,1.950156395980872,1.5279384268383713,-7.7866309374424425,0.3016705905082404,1.790865497112147,0.214872533932684,0.4147392510959826,0.7571950415981978,0.2216016072482274,1.0845214578218696,1.6879864141279641,-6.018592300537468,1.113206547863607,1.858826251214157,0.749643229789379,1.292608826992195,0.839282187910791,0.909570528972931,0.0,-8.953507966838277,0.0,0.0,0.0,0.0,0.0,0.0,-8.554676134632373,1.6157917728612115,0.5489578854962456,1.1216711533238306,0.4923457889155664,1.7730817678702175,-6.456635608593389,0.4632022151652638,1.8991389472042532,0.0,1.3209565307851525,-7.598342627737335,1.4222631003182846,0.6882053066804946,1.3268128856601988,-6.265066654288415,1.8319481662121468,0.0,-6.0211815000937525,0.0,-7.478308673907208,3.5915373783519327,2.6486986393189387,3.053222050096901,1.3956549500261686
15.0,0.9,-6.754968338427474,0.0,1.6810724303601907,1.509245745101395,0.3846273326285598,0.7658034918509974,1.8628941133851071,1.6223770474356436,0.0,0.868395250862932,1.0735684217101047,0.6956629872506418,0.7475022575401644,0.8560366086436412,1.4427509900855684,-5.977928573724968,0.0,0.0,0.0,0.0,0.0,0.0,1.8602849376814117,0.0,0.0,0.0,0.0,0.0,0.0,-7.270157099998756,0.5705929719263954,0.2854795381678628,1.9004224815901705,1.7596247514717274,1.473524808153926,0.6602834331922176,0.0,0.4035633060917724,0.8786698593725562,0.8952600889823196,1.9497068097927228,1.187136764926882,-7.92641462814132,0.7122289131760005,1.5230604137866528,1.1810397775267183,0.6553235841933922,1.2817671778021626,0.5298130059713614,1.9464568017692192,1.111631663490576,1.9341839228333897,0.2788680947830856,1.2718252735135647,-5.5300538287605265,0.6651600850329245,0.9979154003717916,1.1896130315158375,0.569355102734432,1.3284841325195413,0.269745516585826,1.0832899577076547,1.3368370191694119,0.0,1.5030277742844684,-6.437375208026439,1.019206041106822,0.2999642848214938,1.026823724516298,0.5704920477284862,0.4252071732920212,1.6192008867656789,1.1333287234988283,0.8433105738375012,0.6636611617046672,-7.143282923713676,0.2265005251142754,0.7320021039714766,0.708076299843967,1.4060070044178252,0.8282469057788908,1.6043801140300133,1.4688745514672754,0.4917982589414646,-7.4977922897862825,1.6179174011337607,0.7290661110319095,1.6805464143794073,0.2043610936652494,1.3574382996303471,1.3414994048680242,1.5894890028589916,-6.592303015227946,0.0,0.0,0.0,0.0,0.0,0.0,-6.222582894748539,1.2775907995636235,0.650480971262963,0.9817673792996348,0.7907144029750331,1.8576870625865127,-5.898790092207684,1.3569679347902068,0.0,0.0,1.071356644770918,-6.03142387682972,0.4495859830411028,0.2873568935820142,0.2189950620191462,-6.838847421964329,1.1301756165348986,0.6176084128094986,-6.08332771805014,0.9441005003562036,-7.25239529855421,4.969231289172303,1.1023769645390593,2.8824452561052616,1.509707435762006
15.0,0.9,-7.667524167090928,0.9584680371070776,0.7505407421864366,0.696641827780077,1.259983210056822,0.6690720831622714,1.6287326210703916,1.3251948658165342,1.1713440326106557,0.847072448212349,1.7871584373982192,1.3056713661114183,1.3909993979010393,0.5092028063010262,1.0349664584675375,-6.796262965665047,0.352840923949621,0.5849064923542542,1.8534491366877512,1.8252458270185608,0.3331724736512854,1.7926503478800795,0.7806709774999278,1.1232462863694979,0.4798695703013882,0.3821788264878172,1.0047565947482675,0.792594251204637,1.3284761860699288,-6.712461735524796,1.4252003143934282,1.8686506326732328,0.3388034149577318,0.4838576775787178,0.3085306830983742,1.2334693893436925,1.493403774168703,1.176041566730661,1.2599000100637412,0.6622039053273115,0.6488633867473106,1.4226170498306296,-6.508391174746139,0.9147819115651262,0.7578164639802306,1.0571181858163672,0.490117725085495,0.5063334157471562,0.0,0.8577002671507064,1.3842934342945095,1.7124377274780855,1.7810063181419291,0.8484282657049128,-8.853257231686095,1.1004470699071316,0.0,1.1142977126103528,1.4272265295374915,1.7006084724071098,1.9706791804082824,0.4713227564399532,1.8704679963167348,0.5943192724442924,1.5602805823179084,-6.844919949449446,1.5217780585369352,1.1034820257612241,1.666080147644976,1.0220765698237793,1.3751164055756957,0.2180181801071372,0.2691182266762862,0.551048776605208,1.2717366491417237,-5.123055864336511,0.0,0.7845313019750482,1.2303632537120184,0.0,1.6349327260010342,0.3490634779619978,0.324680535136308,0.8978814172329184,-6.20002382328824,1.9000939565414328,0.0,1.133871918124376,0.8354993839831888,1.6567221485822243,0.3093909983491076,0.4301958807440914,-6.269035585058867,0.4865601170386372,0.5975378618810442,0.8090214228721544,0.0,0.2966980584558386,0.8785039589696786,-4.658782465690061,0.2793365076797394,0.0,0.3762433148921802,0.7586541870761078,0.0,-5.693448092271973,0.5183876277980006,0.0,0.3487725236083908,0.8624243178874428,-5.711287729279094,0.8749306681291382,1.0627812236884329,0.66563783258166,-6.139928057153577,0.7203411971026924,1.3925714591911962,-4.7931340832838885,0.8879146317064954,-6.740817344923062,3.430909437297503,2.9018374061129397,3.885273114805734,1.539059686823316
15.0,0.9,-7.225329711271332,0.3692909278331714,0.8882055046194708,1.269227716843724,0.990082111748358,1.1495344977856803,1.1023634985513013,0.0,0.6963879565494094,1.8266385179272868,1.5827495751059746,1.1569500347548243,0.9266501754112834,1.6215157627647852,0.8710631426473938,-5.7401532237503465,1.7285923575662365,1.7156843572506197,1.2361967375244225,1.007412829620316,0.6670466101794892,1.3709426670843299,0.337732400826562,1.1827296662044475,0.5224847802851011,0.8388346721545906,0.2057215117495568,0.2976369292218508,0.0,-8.29922429927636,1.551691389734126,1.3785450691994707,0.3615707734227412,1.753191643752187,1.941310010149388,1.2184620833128388,0.5290043656171934,0.2960135401802602,0.4578243951930372,1.83958664327936,1.045939230448062,1.6085115920783517,-8.322468586272407,1.6255674838388467,0.875719886101453,0.0,1.593471573436655,0.6350269971126268,1.760073140987376,1.0500713022985584,1.4743155854130214,1.90369574834828,0.0,1.1903919911795244,-6.9623117040785,0.5502178584444468,1.3734965616657415,1.1801443312415087,1.9746001211371296,0.422040120416438,0.803524594115089,0.6943697505233644,0.3627603721199528,0.7101288652232364,0.622949430958994,-7.243892924718065,0.6982773211993396,1.103005724027873,1.9719125764608132,0.4240221705128026,0.985792710553496,1.6860309773691249,0.6327628959938966,1.72962442057316,1.3119012073709857,-6.233868416265385,0.0,1.972680567109793,1.0710109007021478,1.2708411694798818,0.0,0.7956346396469782,1.1604473010588856,0.6027466191850266,-6.643009026198033,0.0,0.0,0.0,0.0,0.0,0.0,0.0,-7.6737445078714766,0.349025874649491,1.1403512670624134,1.7763114040094907,0.853751822302558,0.5096062946131462,1.5937724061069793,-6.869412624783789,0.6668665954641938,0.9083708473848064,0.290996057147007,1.948904092943384,1.0798878563344583,-5.805761650109915,0.0,0.9789028750683554,1.3893836043958203,0.578995013176259,-6.186228907042511,1.0541689432662649,1.1134902073701296,0.5109773076316504,-6.6826641865564556,1.4405681591755575,0.694619752099959,-7.826734879009578,1.0638931925016684,-6.0877652663394,3.1507504344792707,1.5701206641941332,4.144821291355734,1.568504073011697
15.0,0.9,-7.895790167717927,1.6155424423986509,0.7814552570578456,0.3134457350334466,0.0,1.8656664548967536,1.9150221513809131,1.1708943893354145,1.4587052330570107,1.3444695963726943,0.5440058898694432,1.0795281851663936,1.155881382966911,1.917140981459445,0.629822636440935,-9.128327807394703,1.8269887230979704,0.3002111698585752,1.3092002848451378,1.4291654786632912,1.0786271304740813,1.9107146104368649,1.7916439748101118,0.905984042956531,0.2521653320367332,0.5468496981838126,1.7315859488645267,1.5675767777226584,1.9904000004404607,-6.47418557200348,1.7410795033686226,0.0,1.2229326036076684,1.6895854279482423,0.0,1.5243947951017178,0.315202866150668,0.0,1.2837574896944464,0.6581500100710967,0.7997322753221208,1.1050921925865616,-7.38868096118177,1.7809150840905794,0.0,0.5819994117943854,1.580561626799572,1.296810008950829,1.7092535712282158,0.0,1.5233882320932828,1.774628470163715,1.5475686562769941,0.627500452705324,-7.810253939283213,0.0,0.0,0.0,0.0,0.0,0.0,0.0,0.0,0.0,0.0,-6.85337017761219,0.6325386875811791,1.123237317317516,1.7917969127737523,0.3249502259903154,0.2878365477207734,0.589786059629128,1.5715214579089392,1.0843314464599654,0.3217773649225652,-7.658143158791214,1.9707455133633351,1.6238133019441803,0.4993487185526992,1.458587440816466,1.330270080378769,1.1328833677478967,0.0,1.402865085600279,-8.427891724043917,1.4000246604620348,1.87928166930476,0.5077119524972306,0.6203900364563394,1.5244675323980093,0.2562137005282806,1.552948043232338,-10.125130600828284,1.803976386815124,1.6123272292483206,1.8832565834899029,0.457346162844914,0.234364067010204,1.7774262318069525,-6.754334941381417,0.2735391616642064,1.1758010885064167,0.0,0.5020687656290246,1.6949524378579826,-4.989795312493073,1.0160324783204018,0.3626587260803038,1.279279739725145,0.9988128877710966,-8.335150591640872,0.456259242576389,1.9405033166917227,1.4105535979788084,-7.398937071475162,1.293961618000358,1.340918064015389,-7.408237544452071,1.4252541029870427,-8.904028137718525,3.1354161789798636,2.559012539272131,3.1510399528852964,1.5797177666517912
15.0,0.9,-6.106285279853489,1.1692818711727815,1.885383033292464,1.312824110419818,0.3001646593233562,0.9278627142840274,0.2200452877489414,0.2925675911087422,0.261404832638418,1.167654767021032,0.279099492846446,1.052935599365634,1.80364521846627,0.6975786108739312,0.8421227711451146,-5.432886110952899,0.3209495134927354,0.5010662518618012,0.5443532233054816,0.9339759457408848,1.5726325470995217,1.4277603136761425,0.7718879058917436,0.0,0.8160042273856566,1.3882662996714945,1.419594122607556,0.0,0.0,-8.810394387268916,1.8989017974604547,1.0895623038295137,1.873892588139552,1.811529670775284,1.957786975081364,0.9635950362609382,0.7742080330748042,1.0125212973393842,0.972199226131096,1.541716314344167,0.0,1.5185429853160726,-6.972138283939094,1.8565177826227084,1.1555213326368374,0.2704753211247188,1.025061296682427,0.0,1.1698107110609084,0.9539861181425404,0.6609829384628174,1.8525847640818272,1.2865441433213298,0.0,-4.753222113060976,1.1881305631661063,0.7280223809553998,0.0,1.9145225846392464,0.3840527345742766,0.0,0.2776071863710192,0.0,0.804459058558207,0.4190517487766376,-8.441383833400034,1.2701062862783918,0.9872700976825942,1.7527034138617532,1.877898737382068,1.5825910517859638,1.212208521489699,0.6976317896629024,0.7875050219238144,0.6354696027654678,-5.948196604197712,0.7153449256657656,0.4054416950627294,0.0,0.2872882660590322,0.769447293740875,1.3909521848344175,0.731799140684166,1.7233082083661821,-5.878877325599419,0.3438041099214568,1.232622568071489,0.790316286372021,0.8396075813768076,1.9262517366490768,0.0,0.2193611689109512,-6.371730564263539,1.5582679525217777,1.3462458019760697,0.5123419290320226,1.8960990585934592,0.2983011273341894,0.7188456807932754,-7.030406542902177,1.7149103917333464,1.2008838845520053,1.3913908984681105,0.8244884285610912,0.7646239787834438,-6.800318187192255,0.569230084955862,1.1231227961131842,1.1796971708208341,1.9456233888541687,-6.534468416452296,0.7089168398714378,1.6622738764380758,1.242035571445745,-8.440778685026649,0.8045577631458362,0.3250938832150532,-4.538602170830737,0.0,-5.177039494186056,4.216078794579201,1.560177732991093,2.992581059230275,2.6551403041105184
15.0,0.9,-7.688351511257572,0.9314826928355634,1.2392577487881657,1.7312075503386146,1.502087907229955,0.0,1.8232130652551557,0.0,1.065978740840301,0.516492321311226,0.7829679724495952,0.557700483508961,1.7984321973281,1.8713202463083312,1.5565620963211748,-7.556614877610607,1.0768124393090772,1.8155011618090484,0.0,0.0,1.95092463080079,1.7522302190375918,1.943414359042394,0.4252913879392528,0.5523811803457646,0.9535897216086268,1.0057117539179372,1.4016459337233178,1.3042442748518486,-7.39823186470433,0.8017652660637248,0.4744747784435344,0.210022563527267,0.2071927659933412,1.6663065909073018,1.6893301738329685,1.0848582628907029,0.5285868975809384,1.5240458632928096,1.8290164597652008,1.5370515363113315,0.9277423827022984,-8.34834063841531,0.2832527517910802,1.421835114630334,1.199415160579045,1.2406679149936,1.5417668723393416,0.9548880660647556,0.2710971161439202,1.729598306893867,1.1507867702348629,0.7417505148321538,1.81314871011627,-5.85417931383334,0.0,0.3403790210138652,0.8926849899212534,1.7524930957917342,0.8242318935220744,0.706562201754839,1.0707030456435738,0.860731889077742,1.5847177228415683,1.4160393306354597,-4.0542004101216405,0.0,0.0,0.0,0.0,0.0,0.0,0.0,0.0,0.0,-6.889586304008887,0.0,0.901205378254196,0.0,1.179344209403496,1.6777417346205739,0.6703262552080662,1.160200994837806,1.1909150685485406,-6.351108972114301,0.0,0.0,0.0,0.0,0.0,0.0,0.0,-8.405795391961387,1.8885734558135383,1.9471689551847624,1.4225156658178675,0.0,0.7653281843090426,0.7198288022361962,-6.390203855320339,0.4192406295278216,0.9731397689041432,0.8016286729592838,1.5265537820289614,1.5101153811614547,-5.61451376960214,0.2398575741563188,0.8127427202108364,0.0,1.8762080619577417,-7.261140714033196,1.6149926183084622,0.707958879924561,1.5637155155706597,-6.884426203922349,1.5881806158199008,0.9883792003625486,-6.6643036089551035,0.0,-8.958964279387398,4.135451756623204,1.5663812913993187,3.1412201687199603,2.5773276438078176
15.0,0.9,-7.632286992307908,1.1228518412870085,1.7326859721789674,1.570010975227923,0.4140611054117994,1.9892865720186967,0.4916374662689848,1.221424649157406,0.9228368458218098,0.9428871883810968,0.0,1.5219522797516651,1.5767850501517329,1.540368976364471,0.2177850625942576,-8.34496024304497,1.711837580560643,0.4544359006582054,0.7497624059006804,1.7370823292083355,1.02917625888453,1.3178846048466437,0.7733619040267666,1.3101674930143954,1.6507857991224517,1.819598701766662,0.346810157371393,1.4852058374097892,1.180959672032434,-8.529293092330262,1.693223331992722,0.2820271910469666,1.2746322082156043,0.0,1.5543226365845924,1.2713893210358147,0.9423160551971754,0.7108528380356292,0.4087132534383954,1.6855263124319642,1.8357499251693352,1.9553095587727147,-7.21604183140659,0.8403940348332424,1.177723903428556,1.792364109144267,1.1358435813142937,0.2105638916245476,0.4356336504489054,1.0896480701864684,1.5606400692939926,1.0717739063656933,0.0,1.3998282382943643,-6.343365519182394,0.9229256092295514,0.6830414821431026,1.5501391743091302,0.2991624899922636,0.9620532294521432,1.2495011389404465,1.2569220944714086,0.765960263016445,1.0591474523204,1.6516333672972103,-7.247008301379993,1.751527322081766,0.4413497314641692,1.9210725648897624,0.0,0.246994248000836,0.0,1.468562893140476,1.5628592210822312,0.0,-6.298112976836967,1.5399657002658396,0.9384855608337734,0.9362612495849818,0.5450248854441552,0.660979677963592,1.1966716895979652,0.4451468198783968,0.585943731582578,-6.878763513559731,1.2145641342276012,0.8700525816027838,0.0,1.7570694624994194,0.0,0.0,1.1549107708475836,-7.46294757899486,0.2929665517654062,1.6746496109493683,0.8285823925417672,1.6756453715332351,1.6480687931086142,1.2545457256389896,-6.773766722127027,1.097365604836659,1.3766538377708815,1.587625959672316,0.868731818701425,1.924818223825882,-6.58442086478787,0.0,0.0,0.0,0.0,-7.368829192446432,0.0,0.222466923852692,1.55141006368055,-7.36269847992661,0.4647835538920126,1.3357401781813225,-6.005825723022143,0.2208937520300624,-7.6786941271211555,4.162933299772115,1.5497136006822438,3.1762166079735654,2.5733995179373426
