num_nodes,edge_prob,Q_0_0,Q_0_1,Q_0_2,Q_0_3,Q_0_4,Q_0_5,Q_0_6,Q_0_7,Q_0_8,Q_0_9,Q_1_1,Q_1_2,Q_1_3,Q_1_4,Q_1_5,Q_1_6,Q_1_7,Q_1_8,Q_1_9,Q_2_2,Q_2_3,Q_2_4,Q_2_5,Q_2_6,Q_2_7,Q_2_8,Q_2_9,Q_3_3,Q_3_4,Q_3_5,Q_3_6,Q_3_7,Q_3_8,Q_3_9,Q_4_4,Q_4_5,Q_4_6,Q_4_7,Q_4_8,Q_4_9,Q_5_5,Q_5_6,Q_5_7,Q_5_8,Q_5_9,Q_6_6,Q_6_7,Q_6_8,Q_6_9,Q_7_7,Q_7_8,Q_7_9,Q_8_8,Q_8_9,Q_9_9,x_0,x_1,x_2,x_3
10.0,0.5,-2.4186899722734694,0.4279066936857918,0.0,1.6178147678677381,0.0,0.0,0.505944810643555,1.2389997904952996,0.0,1.0467138818545543,-2.970885915280169,1.7338045551578813,1.3015395507879612,0.3449585603921814,0.3412546648829928,0.2796060974923794,1.5127017081611496,0.0,0.0,-3.207465036327897,0.0,0.9536576523960982,0.0,0.0,0.0,0.0,0.0,-5.920027468672291,0.7273415946169154,1.281226330458004,1.3454808007632035,1.9287973361838504,1.3993352088887603,0.4562251027893996,-2.5866533286283286,1.1259070811131622,0.0,0.0,0.0,0.0,-3.40668153865913,0.0,0.0,1.796843935932295,0.0,-1.8574760371652388,0.2558860487835248,0.0,0.0,-3.218955900989392,1.501526918354959,0.0,-2.3488530315880074,0.0,-3.2048255608896543,3.149664034943671,1.5960721151205481,3.1238926406268916,1.5689810140049831
10.0,0.5,-1.567809828990626,0.0,1.5890254643822241,0.0,0.6158371666459136,0.0,0.0,0.0,0.930757026953114,0.0,-1.7711994573117211,0.0,0.94879828274683,0.0,0.0,1.0911901325442346,0.0,0.0,1.1224035563882395,-1.5374696147140567,0.0,0.9200997963088478,0.0,0.0,0.0,0.5658139687370418,0.0,-2.144147776354444,0.0,1.6656336735444741,0.8352037013599258,0.0,0.0,0.0,-1.8346526367574167,0.0,0.0,0.338098127492622,0.5766033450656548,0.0,-2.3466176040771,0.0,1.4224214332109597,0.0,0.0,-3.0581374562130756,0.4131782328617476,0.0,1.9772321810260625,-2.702451844855789,0.0,0.0,-3.0696853663258414,0.5079612032060052,-3.3426092070548177,3.0909409317680954,1.8879576681637227,3.0035011520762294,1.5130374330498606
10.0,0.5,-1.436344012294522,0.302223520566958,0.0,0.0,0.0,0.0,0.0,1.3958307335861657,0.5358264835414508,0.638807286894469,-0.540846921609452,0.0,0.0,0.0,0.0,0.0,0.0,0.7794703226519462,0.0,-1.8929282739902202,0.3222377966422128,0.3891508677546668,0.0,0.4834318713915918,0.0,0.0,0.0,-3.7177523828944983,1.9893025729854832,0.79019626064174,0.6878729078610266,0.0,0.0,0.0,-2.3334988178988976,0.3779224044848716,1.315341731165041,0.0,0.0,0.0,-3.2800803899921434,0.0,0.0,0.0,0.0,-2.217908730225431,0.0,0.0,0.0,-1.916270120577215,0.0,0.0,-3.445238079768505,0.0,-1.8372895170939039,3.1839749836040045,2.7271029914477305,2.586495836593462,0.9539353835912134
10.0,0.5,-4.2458335010614485,1.802690593092542,0.0,0.0,0.0,0.0,1.7610745166654351,1.8905963858252468,1.810811424390296,1.2264940821493777,-3.243602383796264,0.0,0.0,1.4378236291678566,0.988577686814776,0.0,1.7146644460698768,0.0,0.5434484124474765,-1.2690569985857805,0.0,0.0,0.0,0.0,0.0,0.0,0.0,-0.9300143442148185,0.0,0.0,0.0,0.0,0.0,0.0,-3.3858151810451025,0.9511282111410152,0.0,0.0,0.0,0.0,-2.8808070703954165,0.0,0.0,0.0,0.0,-1.0977730467044835,0.0,0.0,0.0,-3.5242693283489324,0.0,1.3230541745301374,-1.579735832263822,0.813688599020222,-3.484046100282234,2.992763974193099,1.9283123121179977,2.982347822232885,1.7344532249259605
10.0,0.5,-3.496151947818345,1.6752550170004685,1.15090129674778,1.6085932794666549,0.0,1.8101276135697175,0.0,0.7474266888520686,0.0,0.0,-2.756447632717695,0.0,0.0,1.9364618610799769,0.0,0.3162900518122534,0.0,1.1215210824289508,0.4633672531137402,-1.6462135007658505,0.0,0.0,0.7890219289896436,0.0,0.3289177805916544,1.023585995202623,0.0,-3.1970309214275296,1.3154093415279593,0.0,1.1944763286306532,1.6662969062812516,0.0,0.6092859869485402,-5.053277241913558,0.0,1.8313503248451952,0.0,1.4371195476742,0.6387048502203052,-4.255221400744687,1.5413790667721676,0.9053117805719898,1.9195231157001968,0.50177987962998,-3.8820902206096433,0.0,0.6383071218927184,1.2066924580138942,-3.9495504447182204,0.2653158835162914,1.0459376181469782,-3.20268637320749,0.0,-2.2328840230367195,4.142090863130123,1.5797779005043036,4.120245083292625,2.5516679158591713
10.0,0.5,-2.441538149429392,0.770712642964977,1.6406008019966791,0.0,0.7273253072620176,0.3193748882614778,1.1003779050352434,0.324684753338389,0.0,0.0,-2.2298511130205503,0.0,0.0,0.0,0.8641834151683222,0.0,1.2962695068447025,1.5285366610630988,0.0,-3.1451318409532356,0.3742268143348162,1.5153032098242838,0.0,1.8355848012295797,0.0,0.9245480545211126,0.0,-1.9504839145532158,0.0,0.0,0.0,0.0,0.0,0.0,-2.805882908421376,0.0,0.0,1.406877663544024,0.0,1.5378190368406623,-1.2981901342570303,0.0,1.0725080080925513,0.0,0.0,-3.1468115960190226,1.9539954952745264,0.0,0.4660401014624704,-4.601845640079508,1.3249942836929058,0.0,-1.8890394996385587,0.0,-1.0019295691515664,1.3767613819028461,1.3651542250753395,3.53481943406951,3.082134191478032
10.0,0.5,-2.4736141555509397,0.8848041179233156,0.0,0.0,0.0,0.0,1.244256628503915,0.9181431952995232,1.9000243693751255,0.0,-1.7049221861901134,0.0,0.0,1.5658734351045331,0.0,0.0,0.0,0.6916732010992847,0.2674936182530934,-2.892685614252702,0.0,0.0,0.0,0.0,0.0,0.0,0.0,-1.2883514614528497,0.0,0.0,0.0,0.0,0.0,0.0,-1.7503489624224855,0.0,0.0,0.0,0.0,0.0,-2.2608532291578065,0.0,0.0,0.0,0.0,-3.513337289524366,1.9645472366679055,0.0,0.9757513770994282,-4.054501090752793,1.4576166416966807,0.0,-3.1544385455248802,0.0,-2.098419398892305,4.168494984927182,2.728323141848199,3.1713776643849427,1.5739065632596192
10.0,0.5,-2.0878487315412997,0.0,0.0,0.0,0.9590258648359338,0.7514871666688534,0.0,1.0036878863782397,0.0,1.4614965451995723,-1.9029200923436478,0.0,0.0,0.0,0.0,0.0,0.0,0.0,0.0,-1.732626238000444,0.0,0.0,0.0,0.8349840330455164,0.0,1.4289858209397435,0.0,-1.2683562898790361,0.0,0.0,0.0,0.0,0.0,0.0,-2.741512867491678,1.0194631680523465,0.0,0.0,0.35600608547543,0.7660570993136118,-2.653683809927377,0.0,0.0,0.7359124778546362,0.7728573592167164,-2.6955990751477383,0.0,1.2985737449183208,0.0,-2.9311551545195305,0.7043729700465092,1.0714003505410912,-2.26192554961732,0.0,-2.0359056771354958,3.5551964844628565,1.3293251728695543,3.969009525440474,2.5882223133622984
10.0,0.5,-3.143172726643269,0.6966290318843646,0.0,0.9900070415578124,0.0,1.4814266431771312,1.1915326250846578,1.926750111582572,0.0,0.0,-1.8853477864566242,0.4827435059956304,0.774344874089406,0.0,0.0,0.0,0.0,0.0,1.8169781609438476,-0.4457949304678038,0.0,0.0,0.0,0.0,0.0,0.0,0.0,-1.9249535348970435,0.0,0.0,0.2532699730524158,0.4288071936303456,0.0,1.4034779874641072,-0.9447829052243844,0.0,0.0,0.0,0.0,0.0,-1.453204790794222,0.0,0.400233634408874,0.0,1.0247493040024387,-1.93120980499726,0.0,0.528051201408678,0.0,-3.01917431243601,0.9611877034152964,1.9125236268949544,-0.8750588325399395,0.0,-3.209303919780626,4.170061851670169,2.780039386921093,3.311087749210708,1.8900856960807593
10.0,0.5,-1.9169246867333518,1.0844668583193515,1.577441695722468,0.0,0.0,0.6288828637149254,0.0,0.0,0.0,0.543057955709959,-3.048174343095152,0.0,0.9957779263807321,0.0,1.7209635045086356,1.2644404883992035,0.6225690322172281,0.0,0.4081308763651528,-2.075581513109009,1.3134923711716193,0.3712943984156418,0.499171288883876,0.0,0.0,0.3897632720244132,0.0,-4.045989036273941,0.0,0.0,0.3725413117007228,0.6380410223606146,1.5682028433532786,0.0,-2.8391794740055945,0.0,0.0,0.0,1.869971245009512,0.0,-3.1076404825850656,0.0,0.0,1.4885273660393812,0.0,-3.423039413118697,0.0,1.6977080690227375,0.0,-1.396826620935177,0.0,0.0,-4.126325980908766,0.0,-2.561596746911065,3.2940168363699938,2.67690176277256,3.123525694056818,1.5725831424538679
10.0,0.6,-3.3764016100534997,1.8010701689865138,0.6842331271363942,0.0,0.0,0.4956414005108774,1.4544831864302832,0.2042733789372916,0.8091397054030038,1.3039622527026355,-3.559257212570742,0.6547244184587364,0.0,0.0,0.0,0.0,1.189426669321513,1.9980832506346295,1.4752099177400912,-3.1238299632690327,1.26072306905615,0.0,1.6112836850049226,1.1750009990270291,0.0,0.8616946278548338,0.0,-3.0078380482565907,0.9384174531884296,0.0,0.0,0.0,0.0,0.0,-0.4692087265942148,0.0,0.0,0.0,0.0,0.0,-1.4868855323771273,0.8668459792384542,0.0,0.0,0.0,-3.7617519992611834,1.8605951083860952,0.9419875760932508,0.0,-4.423434749488023,1.8960921719709825,1.831713097562622,-4.021235479182632,1.5354736264085638,-3.436767123268859,4.145081211288214,1.5792687738859985,4.14555142907239,1.570183381322891
10.0,0.6,-5.084602696846168,1.0739414086190484,0.9919935455256867,0.0,0.6044902811583862,1.910444003969885,0.0,1.9999094675668827,1.6378770591586658,1.95054962769378,-2.1755411371298687,0.756563241365118,0.0,0.7710524980735683,0.0,0.0,0.8841381620866982,0.865386964115305,0.0,-2.4298806088817653,0.0,0.2739353180392934,1.2288636154282953,0.0,0.7811986834325486,0.827206813972588,0.0,-2.3043736246304047,0.0,0.0,1.0939098597300367,0.0,0.0,0.0,-2.8986089535065194,1.92302495605362,0.0,1.0737947661086165,0.0,1.150920087579554,-5.382003964170846,1.972747921060096,0.0,1.4007947269907366,0.8922342690149108,-2.6323217334436038,0.0,0.0,0.0,-2.3695205395973726,0.0,0.0,-4.707666562127989,1.7020532441216256,-3.4953337761582564,2.942467653147181,1.2258750092141808,2.78813213109015,1.4265105339538375
10.0,0.6,-3.3233142718219195,1.3161992285855553,0.9732728294875312,0.0,0.0,0.2144346534092254,1.4706693334569656,1.1522294918721536,0.3112942009325226,1.208528805899886,-3.017769208545709,1.8581264290954809,0.0,1.2223105570533281,1.0163663866847323,0.0,0.0,0.3158459305783996,0.306689885093922,-3.361399890927278,0.0,0.542833144794343,0.0,0.7051194819655232,0.8078484628344766,0.0,1.8355994336772024,-1.9579675075669447,0.0,0.0,0.0,0.0,0.0,0.0,-1.3988461643290293,0.0,0.0,0.0,0.0,0.0,-1.6879121086371762,0.792137549421356,0.0,0.0,0.0,-1.930325931825813,0.0,0.2419338359698588,0.0,-1.8628150736498483,0.8405696787762718,0.9249825138167944,-1.3643259800215106,0.0,-3.100799338024576,3.4562033556060205,1.4465505308618356,3.141804329008764,2.6852409824531254
10.0,0.6,-3.3600148123620412,1.4384843960286593,0.5615527296468602,1.283573550414256,1.3953955092505517,0.6405769214581308,0.0,0.0,0.0,1.4004465179256245,-2.3277854129461533,0.0,0.4139854167850902,0.0,1.1463046004731707,0.4055584629082406,0.0,0.7663320989568252,0.48490585074032,-3.004879718268191,1.5470394479363967,0.6165316932195796,0.646632687462544,0.0,0.6644161707570038,0.4489955449706744,1.5245911625433228,-3.273287710361484,1.850449091743184,0.4216360391848168,1.0298918746592238,0.0,0.0,0.0,-2.153455859091299,0.4445354239692826,0.0,0.0,0.0,0.0,-3.082530976611413,0.9977421442791938,0.0,1.2103816846283,0.6572524517673878,-3.0857287576647994,0.8777986063732136,0.8838422390239487,0.0,-1.5391766718812847,0.0,0.0,-2.457002201114425,0.0,-4.592205786171943,4.150197410923699,2.3544091613026112,3.1416075590948656,1.5135862396477529
10.0,0.6,-4.649951930812011,0.0,1.3258590229735951,1.6451226372049579,1.0204052443039688,1.6093503968270628,1.546416662869944,0.8500301707334293,0.0,1.3027197267110646,-1.2203128734243798,0.0,0.0,0.0,0.0,0.0,0.0,0.0,0.0,-3.2418760967470903,0.0,1.2631114858430352,1.457127650008043,0.0,0.0,0.437887014078872,1.9997670205906353,-3.0015281831454095,1.6213791557166586,1.4085652762798788,0.0,0.0,1.0821605507001992,0.2458287463891252,-3.678129038204304,0.3396443726989956,0.0,1.6149212819709926,1.4967965358749564,0.0,-4.136662969259235,1.9913025956069024,0.8351963574879973,0.0,0.0,-1.768859629238423,0.0,0.0,0.0,-2.0314510191250297,0.0,0.0,-2.01978453044166,0.0,-2.8083863415508237,4.145523785305911,1.5732400761934269,3.150767110719207,1.5784273840036893
10.0,0.6,-3.4561350292029918,0.7724175761105766,0.0,0.56137000513461,0.0,0.5822156008951168,0.6388472416177406,1.5464208948270655,1.1063947804903977,1.7046039593304758,-2.9283760666433456,0.0,0.0,1.0630494279627591,1.7608927434179598,1.3450648556012847,0.2919743839389098,0.6233531462552016,0.0,-1.5868423516611274,0.0,0.0,0.0,0.0,0.0,0.0,0.0,-2.3251360260154077,1.0648293480837179,0.0,0.792857287615518,0.2254711395382344,0.0,1.4890863262380518,-3.9181559993444117,0.0,0.0,0.0,0.0,0.0,-2.8690187693935387,0.332202538954981,0.0,0.0,0.9014764320532244,-2.9638512437409297,0.0,1.8732110935932031,0.0,-1.7265174355906077,0.0,0.3374807773560268,-3.993609256848309,1.66925939218331,-3.796954698722297,2.7154343192008996,1.5568384398142145,2.9314518769132243,2.553533875171062
10.0,0.6,-3.3103367983189407,1.3039915788960061,1.3170820321379173,0.0,0.0,0.417413200639088,1.2541736371078573,1.802768834721628,0.5252443131353848,0.0,-1.7460721149353065,0.0,0.0,0.0,0.0,0.0,0.782546165258277,0.0,1.4056064857163297,-4.326108368130851,1.9746112615712956,0.0,1.6130681884011002,1.8873830050154552,0.4416820009992916,0.0,1.4183902481366415,-2.9178570455282373,0.0,0.0,0.0,0.0,0.0,0.0,-1.1473167147969991,0.0,0.0,0.0,0.0,0.0,-2.466336453708201,1.1402694600528207,0.0,0.0,0.0,-4.0604797428879325,0.0,1.3288495116539885,0.0,-2.8389094922802163,1.361914169977241,0.0,-2.606971868732391,1.6160208277693255,-2.32636258094975,4.323719188968741,3.25806520044736,4.826997823108197,1.2760157433921333
10.0,0.6,-2.775099711083203,0.6457502557380354,0.0,0.0,0.0,1.804278150425624,0.0,1.9310246173855836,1.1691463986171624,0.0,-4.834577848566307,1.258384409260309,0.8974769833506978,1.6628973835615364,0.9124112716124232,0.0,1.660555038633327,1.0491104786124124,1.5825698763638731,-2.6537441490618314,0.6121575456631324,0.6727633783540772,0.0,1.5234018038966803,0.0,0.0,0.0,-1.6213207989643843,0.0,0.0,0.0,0.0,0.0,1.7330070689149382,-2.5074397845164182,0.0,1.9937727853390943,0.0,0.0,0.0,-2.4248692134776797,0.5098613196870514,1.1408897725587124,0.0,0.0,-2.013517954461413,0.0,0.0,0.0,-2.534472490924584,0.0,0.336475553271545,-2.225268186236464,0.7883502251873088,-2.2202013618688325,2.9210262128115114,0.18742925877109146,3.395437279607635,1.4045270899285058
10.0,0.6,-2.4836412152413256,0.4823412609166034,0.0,0.0,0.9986150727840364,0.0,1.2013128209948758,1.397821859713344,0.3026358570005942,0.5845555590731972,-2.4177779043431107,0.8140684309018485,1.3932736126069165,0.0,0.0,0.6554627618744272,1.4904097423864253,0.0,0.0,-4.244702128948768,0.5404338786270242,0.0,1.6409227587409152,0.0,0.0,0.0,0.0,-3.0891423508792304,0.0,1.2634692558200693,0.0,0.0,0.0,0.0,-2.4522259515830784,0.0,0.7021559598270982,0.2825825468867984,0.0,0.0,-3.512943265559679,0.0,0.0,0.0,0.0,-3.6937242923987585,0.732408843375774,1.589091798616486,0.7519452268159454,-4.674409079215085,1.3982993138429045,1.4280283944701297,-4.400988032234725,1.718479822806868,-2.995342218569094,4.543273341233878,1.3113603258062643,2.782584127862444,1.589520006076111
10.0,0.6,-4.723267436232064,1.44940121643494,1.830581524062996,0.869270121712891,1.73769565025418,1.0506261417919516,0.0,0.8368151839071252,0.5298049412661666,1.1423400930338787,-3.5641440289688235,0.0,1.5178903987497216,1.1875107282887982,0.4871612754443028,0.4994261112976484,0.0,1.9868983277222367,0.0,-2.816757908640316,1.7280174798654417,0.0,1.140518513644349,0.0,0.9343982997078452,0.0,0.0,-3.653878085215272,0.7613645224119068,0.8112538799969407,0.0,0.6730391415438022,0.431311047842343,0.5156095783074978,-4.628422144762844,1.884613368755008,1.8515119567229876,0.3532562665189522,0.246729163878045,1.2341626326958095,-4.051953260327299,0.0,1.7974308975947644,0.932302443427282,0.0,-1.471690624476926,0.0,0.0,0.0,-3.04443092377147,0.4136176020083266,0.4878612753289082,-2.2703317630721997,0.0,-1.6899867896830472,3.895031855557014,1.466816835134945,3.168156636427059,2.7245925333333014
10.0,0.7,-3.4578908720556663,0.0,0.0,0.9756238638241662,1.0859020075160468,0.4512144357654612,1.990745143959892,0.9365314319231766,0.7759559372010774,0.6998089239215116,-3.371166346356119,1.8056399281612237,0.0,0.0,0.0,0.0,0.0,0.0,0.0,-2.714340086524265,0.0,0.0,0.0,0.0,0.0,0.0,0.0,-2.5746002389975686,0.0,1.943016702656652,0.0,1.222350635855555,0.2892539491302398,0.0,-3.0634437659868157,0.0,0.0,0.6606301639347716,1.248640354739698,1.9929368856057792,-3.3756999554445977,0.0,0.0,1.0468363684639943,1.9717106766636288,-1.83830219405483,0.279401081572288,0.0,0.2189673063935848,-2.9559318688227982,1.6731477894859368,0.2045098660664538,-2.9504085251010603,0.0,-3.7307726089357383,3.0501605203762976,2.461555454422391,3.2906263575751002,1.521815345888895
10.0,0.7,-3.7043529977590604,0.6339614457671778,0.0,1.60015613351301,0.2039929413186264,1.903220748164792,0.5200427320222866,1.6298863397011185,0.2029461325225728,0.714499522508536,-4.366532289316547,1.1461302395318473,0.0,0.3811046590462752,1.344195989145091,0.8232942126587178,1.799422564220238,0.7650273390755118,1.8399281291882352,-4.670980076071174,0.0,0.0,0.0,0.0,0.0,0.0,0.0,-3.841071366304861,1.350089778392749,0.0,1.4250974671403596,0.0,1.4778947697399945,0.0,-2.450291596123277,0.0,0.749121907652745,0.2699468415529004,0.0,0.6498349193058992,-4.080030356734579,1.6450797377193545,0.0,1.680950136714701,1.1474083467183018,-4.160826596124009,0.7789111358094294,1.5954897371742374,0.2826189706648794,-3.674713437974308,0.0,1.3938872408392344,-4.0807065457212355,0.8343403999444956,-3.9548051682347682,3.13682064603444,2.569132942647664,3.135376120819482,1.5767809585618506
10.0,0.7,-3.253654526434346,0.3537914097818676,0.0,0.0,0.0,0.293593591182187,1.1872780895428623,0.868961946258089,1.910998483370644,1.8926855327330416,-3.4030765338288074,0.237957251791907,1.232154796444036,0.0,0.8972471719861812,1.475851247577161,1.5217881002210814,0.3328086428313354,0.7545544470240448,-3.1513542894209143,0.2571739318500906,1.6512855400906197,0.0,0.0,0.0,0.0,0.0,-2.72799570540181,0.0,0.0,0.0,0.0,0.0,0.0,-3.3425664138860247,0.0,0.0,0.0,0.0,0.0,-3.5299062475933516,0.4558197720853778,0.8804898974702166,0.9997483616558718,0.9581027501913992,-5.140872653576237,0.430829678327571,1.5117010676076912,1.100048148223592,-4.17610448598102,1.4582133251194789,1.658426114842481,-4.205641104654063,0.0,-4.547139162732388,4.441026596274029,1.232980147792139,3.9574319297332172,1.5745463248960425
10.0,0.7,-4.259256792118243,1.6745467541068093,1.5366231651779176,0.2341803169926312,0.5464520814854958,1.0581788008065591,0.0,0.4789319582638134,1.2959742486099626,1.6936262587932962,-2.8870827305197495,0.8692217698423625,0.7951124565438048,0.0,0.0,0.8553202477264756,0.0,0.0,1.579964232820046,-4.015575629646677,1.1434501655251368,1.0292990856192978,0.0,0.3787764934646698,1.7859913915921513,0.0,1.2877891880718175,-3.1732582064375747,1.694073690480946,0.5202752259613014,1.2823059398803622,0.0,0.0,0.6771186174909678,-4.200842258451916,0.5687343909328234,1.2046459578324966,0.370672066486756,1.2958154152804409,1.691991828785575,-2.7611250520274413,1.89780317938386,0.3665709166947034,1.1106875902756348,0.0,-3.61768905947669,0.0,0.0,0.0,-1.7770900546075103,0.0,0.2286191898056574,-2.0289054629214984,0.0,-4.04845367919199,4.215139923171927,1.4897821427828593,3.114500468716009,1.855655175103543
10.0,0.7,-3.2975185550675197,0.0,1.679177345080118,1.4456443425639163,0.0,0.2060140087534024,1.3970682377123618,1.8671331760252403,0.0,0.0,-1.7782960427619448,0.0,0.0,0.0,0.0,0.0,0.0,0.3618380226807688,0.9546493151428326,-3.614479668802412,1.3629362684311743,0.802967062931911,1.1119843446877933,1.207779485859629,0.0,0.0,1.0641148306141979,-3.882950052409261,0.2323673990147798,0.0,0.838354129579913,0.0,1.995121514688272,0.3902680248161794,-1.4930554496160493,0.0,0.0,0.0,0.0,0.0,-3.1386010192171168,1.6224229925580043,0.0,1.877585875832348,0.0,-3.9458199092563593,1.8109046995823137,0.6384369593394612,0.3766733138810354,-2.9541787718705876,0.0,0.9998417254748996,-3.2379566024526025,1.6029308323643552,-2.69423902114675,4.54196603521674,2.889383071382484,2.9083723093067357,0.7336279541023919
10.0,0.7,-3.1926991080987963,1.7761327226869237,0.2688745163977308,0.51369513306144,0.0,0.8634477175142246,0.0,1.2877963843607725,1.6754517421765012,0.0,-5.596392861791325,1.7355699430025753,1.822211341507068,1.4172104339624763,0.0,0.877286243209762,1.5288754476504092,0.8831731904692044,1.1523264010942322,-3.144874902993387,1.2746233092136727,0.7152940783551652,0.922975336072584,1.3724126229450455,0.0,0.0,0.0,-5.585161860115402,0.0,1.9971179207778975,1.7030117233555369,1.974915848343224,1.5182739967913819,0.3664744471805822,-3.2780641686372713,0.0,0.0,0.0,0.0,1.4358100595817034,-5.1714130250202475,0.6806833008941182,1.8534793596756176,0.5073152017244298,1.6552251040971946,-3.0510756452132197,0.0,0.0,1.4687574000219765,-4.965515237948399,0.4556438005617086,1.7050879792142979,-2.5199289658616126,0.0,-3.8918406955949933,4.12523542704182,2.530788814897757,3.1901047750043605,1.5433785425611886
10.0,0.7,-2.939908411196888,1.8130846572066104,1.7764666266305995,0.4118220819772132,0.0,0.5074846144656004,0.0,0.0,0.6033738177919702,0.767585024321782,-1.353411457181428,0.0,0.0,0.578524874148596,0.0,0.3152133830076494,0.0,0.0,0.0,-3.630455891994801,0.0,1.556884760943655,0.7955206857622958,1.1877024016744007,1.2140835596904567,0.4223072853854794,0.3079464639027158,-1.2227307277929143,0.0,0.0,0.7867839739611858,0.0,1.2468553996474296,0.0,-2.8569162085377733,0.0,0.0,0.0,0.0,0.0,-4.373741348832812,1.2773381646669104,1.3162095961482718,1.502614669856981,1.52753560650109,-2.797632148910676,0.0,0.0,0.0,-2.1212097071299265,0.0,0.0,-4.598693326067717,1.7109521265403749,-3.050365961501957,3.141447962939324,2.6481203401065883,2.8103197179250565,1.1634708501078044
10.0,0.7,-4.165895300450345,1.9569707906873497,0.0,0.0,1.1581020722882236,1.9943288190654296,0.0,0.0,1.7711742789860654,1.4512146398736216,-2.7716539209550866,0.8358931750581406,1.6689116737629908,0.0,0.8165417394567765,0.0,0.0,0.0,0.2649904629449152,-3.269096920434752,0.0,0.0,0.0,1.9343425422986713,1.4850361557210785,0.0,0.0,-2.270367748627174,0.0,0.0,0.2749399536006782,0.0,0.0,0.0,-4.229470316941267,0.5092686153756232,0.0,1.0230155228226607,1.9136111274456584,1.7065717322624265,-3.054159336451082,0.9732290586506755,0.0,0.7404580862296922,0.0,-2.833855279855919,1.1937517232749395,0.0,0.0,-3.040233421279258,0.0,0.0,-4.299988410421987,0.0,-2.287548074697751,3.0855864022527237,2.7508366990311,4.1418257723616,1.6767009035884306
10.0,0.7,-3.31525938727878,0.0,0.0,1.3461121443089576,0.7544738823493272,0.865526755206597,0.0,1.2846609865887515,1.2590469826598816,1.120698023444044,-2.6396769226261303,0.773072599619522,0.0,0.0,0.0,0.0,0.0,0.0,0.0,-1.4892507231057674,0.0,0.0,0.0,0.2407753862143392,0.0,0.0,0.0,-2.1408690604141127,0.3479601238629454,0.2103951424326748,0.4914139435740028,0.0,0.0,0.0,-1.7818633883079258,0.707384974871365,0.0,0.0,0.4689996906655446,1.2849081048666693,-2.7500731280877613,0.2614754153068132,0.0,1.3498589695685086,0.0,-1.6585238851045043,0.0,0.0,0.0,-2.3077089046963404,0.0,1.1121962577238327,-3.25271626380411,1.503049741299998,-2.8403851922626084,2.0581736485595163,1.9243224949641946,4.243582566153968,1.454720976998646
10.0,0.7,-2.408355673052016,0.417422237154066,0.0,1.7642660423187804,0.0,0.0,0.8690629102804256,1.76596015635076,0.0,0.0,-3.3025087255238583,0.0,0.0,1.3722970932649576,1.5900836496708906,0.549776492737878,1.9227847396071864,0.7526532386127383,0.0,-3.8289103313815454,0.0,0.0,0.0,0.0,0.0,0.0,0.0,-5.163253652556341,1.6761390458394088,1.302358981936683,1.4145926154255906,0.0,0.299366514195014,1.956400591535392,-3.983382444648152,0.0,0.0,0.0,0.946133009665153,0.399183953605883,-5.272145229948162,0.0,0.0,1.1378258024351555,1.6919643498060302,-5.670317459898071,1.5684090273572122,1.839299897890074,1.9719189009389368,-5.802814616477385,1.7963031332731636,1.4534327993361855,-4.093909250380834,0.0,-3.7364502976112135,3.3757472171092244,1.5285537005940208,3.09342124017005,1.5223737260676862
10.0,0.8,-4.100736068990767,0.222547573883249,1.1582003794990685,0.5958693446649606,0.0,1.10598932874783,0.6185173946660468,1.240879268448764,1.279957855565368,1.979510992506248,-4.726819123651611,1.0270333814495944,1.8737129476322172,0.872773208166308,1.6156260065095764,1.065478994337295,0.0,1.8679847560711225,0.908481379253858,-4.654210770082052,0.7639655298471274,1.2800643922984272,1.5325327602647123,0.7570726672037886,0.7969511382265836,1.1013080443246934,0.8912932470501094,-2.8848293463202372,0.2116482587432994,0.239584173002217,0.0,0.0,0.342384158279396,1.742494280471257,-2.976684819333408,0.0,0.0,0.0,0.0,0.0,-4.906015391045184,1.7452193093475064,1.201772000732104,1.8592726041877616,0.5120345992986608,-4.2576106597357795,0.7651420078879516,1.8610046947049972,0.0,-3.8960067025790024,1.0515638405479424,1.5233956024913509,-5.189892085844745,0.3425202366967098,-3.949865168884097,4.186154240013478,1.5907166027409494,3.0855749773225987,1.4595066318656484
10.0,0.8,-2.6986875833009303,0.0,1.6085807583033607,0.0,1.5502324600571755,0.0,0.5856350353438806,1.0067609219476021,0.0,0.6461659909498418,-3.447268139960932,0.0,0.7852021556961482,0.0,0.0,0.0,0.0,1.235293803194519,0.0,-4.048244269558,1.905766016460952,0.0,0.0,1.242928049174065,0.3306173366776566,1.5843251038253559,0.2018464812139896,-4.7063313461724325,0.0,0.3498766413599706,0.0,0.0,1.8676996619130737,0.0,-3.422823467872624,0.6971005841111756,1.4039181469194346,0.0,0.0,0.3170824836472284,-2.0523180027521777,0.0,0.0,0.0,0.0,-3.948977238348742,1.9070048393758812,0.0,0.0,-2.585427223082426,0.6005157953838428,0.4090573425222328,-4.068145682084791,0.0,-2.7179781804293244,4.140385007041314,1.5609355639374327,4.141032979631611,1.5717931772066134
10.0,0.8,-4.36840716479448,1.8784691601239665,0.0,0.9809970663500068,1.2692845260559649,0.0,0.982882063062328,1.8033293162379245,0.7636650022794734,1.058187195479296,-4.277176450821303,0.936796377551688,0.2505265381797926,0.3947156968713886,0.4450728151111748,1.444531258163781,1.88530767474498,0.0,1.3189333808958343,-2.6589447064983354,0.0,0.0,0.0,0.0,0.0,0.0,0.0,-3.708466107962725,0.323330453394611,0.0,1.9246770055601183,0.6003204582841996,0.0,1.7064886045860865,-3.705253796990804,0.7388508899288622,1.90623621360403,0.8297337581693668,1.0974322930505673,0.3080672417355368,-2.187437675286408,0.0,0.0,0.0,0.0,-5.1685368228060105,1.6902492529586393,1.236372375260175,1.152125477002949,-4.852510933839184,0.0,1.4201257058262122,-3.151056613868402,0.0,-3.840962208579064,3.2079027811484,2.72515056986666,2.895248928422538,1.7953987176291053
10.0,0.8,-1.4579708117607824,0.0,1.011364750505238,0.0,0.2245611152538982,0.751056782363173,0.0,0.0,0.3445587443621222,0.584400231037133,-3.2797126082948296,0.0,1.2265322434752477,0.0,0.0,0.4997313059908976,0.7114757712319514,0.0,0.0,-4.1960826101900475,0.7449086230919424,0.0,0.8741634107335684,0.2995195485893636,1.6901394200167918,1.146538437920376,1.8836106027513704,-3.536720936612496,0.0,0.0,0.2771575903129216,1.5552925721770368,0.0,0.0,-1.944893749541576,0.0,1.8248483952404089,0.364432867756887,0.0,0.4117687346410956,-3.3351365519956007,0.7219320621783099,1.624577493217281,0.0,1.711463107266606,-3.30004866356279,1.9584470327670904,0.0,0.0,-5.0385545689165685,0.0,0.0,-2.7250896996754195,1.3523891197635685,-5.563101874866262,4.835902388477349,1.1944550418260729,2.918673003601607,0.9525370594285018
10.0,0.8,-4.662931046897501,0.8418523540080428,0.4564304543422766,0.6399284140189208,1.9154959307432209,1.0868280614574852,0.0,1.7046232662880898,1.3838050000294462,1.296898612907521,-3.47046560785884,0.3117226305706456,1.3153925118927563,1.55291439273172,0.0,0.707604336238471,1.8882732416773849,0.0,0.3231717485986596,-4.153716491835831,0.6023901576019036,0.7328102474054908,1.4853335296312413,0.3377206291257988,1.8797799661793144,1.4487857922922889,1.052459576522703,-3.9652319969448246,0.0,0.0,1.3682101549953138,1.0353111439754943,1.9138447236898573,1.0553868877154025,-4.597024729205464,1.8126980716664305,1.865294338355608,1.0903918832201258,0.0,0.2244445942883348,-4.5196191694028265,1.041377782953302,1.744684512082042,0.9090006697385156,0.9593157112766362,-3.491707833328187,0.0,0.0,0.0,-6.423754121630869,1.543936750549556,1.2191468772114202,-4.409662113851534,1.285505388751636,-4.001865658765058,3.3519021931368127,1.4860343476631053,3.107723995200869,1.5671845799902757
10.0,0.8,-4.452533950673355,1.253114464080881,0.5207057597763214,0.0,0.0,1.39864441905414,1.3208724246269106,1.954579067619054,1.40008772883133,1.0570640373580726,-3.892908257672788,0.4085941056719132,0.414462737959648,0.2160449167685396,1.3873101678638629,0.9503425194533708,1.581777778137231,0.8743469361755408,0.699822889234588,-3.4643470774106033,1.9862002958761291,0.0,0.0,1.6816938251731648,0.0,1.5949509861784334,0.736549182145245,-2.7027692959303304,0.0,0.0,0.0,0.0,0.0,0.0,-2.287709944763784,0.0,0.0,0.0,0.0,0.0,-3.294129546035582,0.7777437508620724,0.4223425235809216,0.0,0.9710347975426852,-3.235127835588916,0.0,0.3467011124794342,0.0,-4.482841552811964,1.7470749869759694,0.9372108543845414,-3.9483411919300417,1.0357295492228231,-3.278543694999371,2.5443312013650843,0.7101432562630224,3.0808719457489846,1.0355181969284992
10.0,0.8,-3.9075205233771433,0.4783905288905648,1.7336116372150254,1.2546188462535155,0.0,0.4131980431921418,1.893109020943428,1.0727914405467118,0.270404348470216,0.6989171812426827,-3.714074936364593,0.0,0.0,0.9528923125129372,1.5021845629734798,0.4053095921662034,1.2146092083927003,0.9681746339865426,1.9065890338067577,-3.693996250054397,1.521196148343269,0.0,1.2588099749792114,0.837387853785747,0.2725280159243966,1.3278329680778445,0.4366259017833008,-3.8337634991854994,0.0,0.3758617928040438,1.6998164248416068,0.0,1.3457939700536083,1.470239816074955,-2.586842434375704,0.0,0.0,0.0,0.0,0.0,-3.527741544492823,0.0,1.5724190604631996,1.1502304351951806,0.4198375353374332,-2.815828376573942,0.0,0.7960338614108986,0.0,-3.7634221471977636,0.6367191296275274,1.087796986390824,-4.262544610856344,1.662008380588929,-4.750996880035145,2.81884176794378,1.7013845153854792,4.124328712452688,1.545593834007028
10.0,0.8,-2.751905636944923,0.786353413724433,0.4652537627023594,0.0,0.6999291559504962,1.925708231271119,0.9556927976826822,0.4180202518867578,0.0,0.2528536606719984,-3.595272338552342,0.0,0.5253947847320332,1.660916900067467,1.7543490168709122,0.6383844144154246,0.7680392958626208,1.0571068514317938,0.0,-2.9123676157286917,0.2507548180885434,1.725142942474755,1.1129633176804965,0.0,1.3056750193885769,0.3851920692709228,0.5797533018517288,-4.550438936948447,0.0,0.0,0.0,0.0,0.5381830394514798,0.0,-4.269853543023875,0.0,0.0,0.3226457555395546,1.8183203018031395,0.3773591453092056,-3.998740068367418,0.6735871340447201,0.0,1.3199455927656607,0.0,-4.244130998804175,1.3970726467857082,1.9792072290025695,0.9075423760977438,-4.295520964619247,1.9201457187951825,1.6220602606953942,-4.90825921016362,0.0,-3.2020267425940685,4.175836470754831,1.1660246742752665,2.9614114368694944,1.1202816777033262
10.0,0.8,-3.7097273998540485,1.0632137057331081,0.665452835070786,1.9749520785543753,1.7144933637137885,0.0,0.6338759546402976,0.0,0.7642665170378146,0.603200344957928,-2.4993736604003702,0.0,0.699971626047276,0.4070144318358346,0.647334863537935,1.8098201675136576,0.0,0.0,0.3713925261329294,-3.593492317369599,1.8839328972412248,1.227880386462147,0.7754426712629394,0.634636832632534,0.3025682760300994,0.8607295376187436,0.8363411984207236,-4.861045082408503,0.0,1.4620408419018187,0.0,0.8922972617115602,1.202405411332405,1.6064900480283468,-2.66269182003806,0.0,0.0,0.2363746219555838,1.739620836108766,0.0,-3.5068692562911408,0.0,1.0965798181543083,0.0,0.0,-3.5797522135312096,1.1551910991480643,1.0366096393977366,0.0,-2.6396638442399727,0.0,0.0,-4.328048716393973,0.6908477196547668,-2.2429701305162313,4.219602022699509,1.693719774635246,2.76177500565316,1.302445422315183
10.0,0.8,-4.610929358323107,1.577813645001957,1.5577941180055008,0.6566699633368486,0.3410364987932998,1.2558661341938964,1.7094956844143794,1.3867142469783424,0.7364684259219902,0.0,-3.6619461087852163,0.5066589915385756,0.7767620996335582,0.9421743827282648,0.9254100048478814,1.3970332169368134,0.3548474634969462,0.4621912795623598,0.3810011338240768,-3.3547832082280977,0.8541274994477778,0.5458164682350448,0.0,0.6050056450707552,0.0,1.1758060684443912,1.4643576257141504,-3.4116683058662134,0.9217562866825232,0.0,1.0664443309412985,1.9968523068006816,0.5507241248897394,0.0,-3.7821651840427037,0.5154444366400626,1.3184250371630877,1.4339002314326332,1.5457770264104922,0.0,-2.9302611011236905,1.7738498251190065,0.3999438239554814,0.30640174972224,0.6836062277688134,-5.900032524457331,0.4527396307877716,1.7688449504685435,1.7082267280130072,-4.732960154283701,1.4737049874316732,1.967217617683872,-4.485167898792723,0.9504171847340148,-3.577413258868967,3.6256078741671396,1.3891004667871905,4.278680458751435,1.4892987767996964
10.0,0.9,-5.564633619387265,1.5873457999552048,1.7052878145899764,1.0625992845980352,1.9507678157982256,0.0,1.8288726517810625,1.171226222739329,0.0,1.8231676493126956,-5.086921660742073,1.9263044856057392,0.0,1.736015898194373,1.5153007881522975,1.23610491551943,1.034343354508415,0.5644696485751138,0.5739584309735716,-5.714687210913087,0.647201234779679,0.7779927376056834,1.3884392653857938,0.6829150176483114,0.5900164104327644,1.751517273899269,1.9597001818789568,-2.732356109399669,1.3963299136483847,0.3451900855686804,0.448463264130185,0.2746311561160416,1.2902972799583323,0.0,-5.668119430446704,1.4246455861445741,0.617832405850915,0.8842003153527096,0.9322247825914736,1.6162294057070687,-3.6221019726296655,0.0,0.0,0.6859936633568406,0.0,-3.9040409832184184,0.4679045864941518,0.0,1.8020176536120995,-3.411754892951438,0.9909686219214604,0.2495560330875378,-3.9489464061991097,0.0,-4.85352544833383,3.199322573730787,1.2581732747877645,3.1677364057594932,2.738014949552878
10.0,0.9,-5.132374853447887,1.813660428925118,1.812136260793268,0.2172681907309342,1.1809433747335434,1.154992921551921,1.154062469960813,1.7965346755464062,0.9175034403935248,0.2176479442602458,-5.0259944042906,1.7847514889158385,1.638925604926017,0.0,0.5624606660977503,1.4617701674900305,1.1260068431400645,0.3224213431243474,1.3419922659620347,-4.055648093455516,0.974211062814125,0.8696811558382462,0.0,0.0,1.7855316454945003,0.0,0.884984573055054,-3.222224415175378,0.0,0.8324766446173176,0.6960520983718526,1.0766985015812038,0.5799833518328212,0.4288333754764844,-3.923261027493997,1.4355021444499683,1.2453483977749826,1.730464423032317,1.3845825591589362,0.0,-4.3097255062968705,1.1366106955995325,0.9901513096514796,0.7811475910706798,1.7261090395550907,-4.194741817613298,0.8189757845725366,0.2977689321607142,1.5788950892961329,-5.400190811349698,0.6407596052817254,0.8352588343991612,-2.85400252404236,0.7838382250619707,-3.8987796735330864,4.201068059309312,1.5405699426198818,4.345240928761505,1.4588880919192033
10.0,0.9,-4.233902206495269,1.1776493866417947,1.8499830838012243,0.0,0.3229503800477482,1.4826227563990277,0.0,1.5479050827579393,0.8707798941359344,1.2159138292068716,-6.444127307364512,1.8836887889892864,1.8939769760240637,1.7042364608470608,1.2993396107951558,1.4443695671000183,1.0357902472590674,1.511827954927366,0.9373756221452108,-5.598039957857432,1.244382113382782,0.0,1.2273348648618572,0.582622805917317,1.4353911275440085,1.1779985545297817,1.794678576688606,-4.653440740258981,0.0,0.0,0.7254680802441098,0.0,0.0,0.0,-4.052438609257978,1.7451174837322787,1.9812061230388849,0.759347330075801,1.2741060162798123,0.0,-5.332830127318032,0.72264039381593,0.0,1.5636848412578397,1.0337865015564327,-4.285536549331864,0.0,0.0,0.0,-3.4929599335248662,0.3537407074451242,0.2589474414322274,-5.789507948092118,1.1515604381864775,-3.88546010098046,4.208936594998032,2.510780647452074,3.1093007489152282,1.5398883652205164
10.0,0.9,-2.6252318735803555,1.84534773581422,1.1751557658189842,0.6459401647695302,0.2523125529871392,0.2935636223799526,0.0,0.3993362744228312,0.3187073356515976,0.3201002953164568,-4.3069706209210965,1.1916894029831742,0.3135866852711714,1.0736870194537729,0.9403541682840117,0.601134597216579,0.387544337029662,1.3902671238628734,0.8703301719267276,-3.951744961862243,0.2640642218326036,0.4147193337315244,0.2244844360626882,1.9226147876879096,0.857541412432114,1.4881698597531852,0.3650507034223028,-3.6786068111950168,1.6649386641304207,0.4903375411058352,1.3744575533035674,1.7498119882463168,0.0,0.854076803730589,-4.215873963723846,0.4362574513723204,1.0695431580624133,0.9192991380923992,1.4945658838364988,1.1064247257812034,-3.8337813274653527,1.9216005943027663,1.7024730988575392,0.0,1.6584917425655916,-5.227249537548475,0.0,0.0,0.0,-5.101898252332023,1.7124479659835867,1.1849698408573064,-4.15898677126473,0.0,-3.3602024229699405,3.3697169554230606,1.4939500781737123,3.080590644646571,1.4949741199995341
10.0,0.9,-2.868016979988352,0.0,0.0,1.5777141176528051,0.0,0.2664508501591068,0.7416957140647694,1.962052246010704,0.774261642803971,0.413859389285348,-3.7194329964935,0.5986039728921202,0.0,0.0,0.0,0.0,0.0,0.0,0.0,-4.149865776821005,0.0,1.4439135220772834,0.0,0.0,0.0,0.0,0.0,-5.29822227272443,0.6669965792182222,0.0,1.7370574201519438,1.3500898397368102,1.6204568567634923,0.7393704022227904,-3.377081653710383,0.0,0.0,0.0,0.0,0.0,-5.049593105008294,1.846323798899134,1.6028172233868694,0.5556804725238346,1.2193286321863628,-5.272777185342473,1.4164736946038108,1.5097391087476641,0.9179435572987096,-5.889547056914839,1.9616684062026,0.5968910859884158,-5.488832572029505,1.7135313240345122,-3.8602795427712446,3.5496538999198393,2.479439482651291,4.298959064253786,1.3703522064717457
10.0,0.9,-4.168831803091964,0.8188388462550928,1.5784313186220937,0.8277756336355716,0.0,1.3634154383053978,0.280950884598389,1.2022420360715294,0.7604796433877758,1.505529805308078,-4.60050541946935,0.4581592944514438,1.056008589958458,0.3163544845611262,1.0366039431449574,0.708506738475036,1.7267795210021466,1.8870764732535985,1.1926829478368397,-3.932132343031192,1.368307268512447,0.0,1.756328172170952,0.462940446572944,0.4009454274025532,1.5719909629424158,0.2671617953875346,-3.080213463041612,0.0,0.6820485846658192,0.0,0.2757848513204364,1.1115298944139063,0.8389721035765848,-2.026413005518151,0.0,0.0,0.0,0.0,0.0,-3.610655714055006,0.0,0.6595210797076558,0.5794440578864504,0.5352776340056654,-2.862413948202756,1.85967214471246,0.8140743530168818,0.6775904557499464,-4.673704866500539,1.817771100861585,0.5153144193228943,-5.157697536738219,1.2589410166386932,-3.7973547945617483,3.147188969502794,2.564019454130778,3.145183834706522,1.5676564759571872
10.0,0.9,-4.625263199833502,0.630550756149782,0.715940733191245,1.7092344489330953,0.359686780010968,0.4562063717684686,1.3214211961771378,1.9104005159667288,0.36375433680389,1.7833312606656888,-4.025531681013028,0.0,1.2010110359671904,1.1469581143667107,1.3036692942264498,1.4475370563082406,1.1461691242423642,0.0,1.175167980765319,-3.3901106078627303,0.0,0.4184638393384914,0.9094248128285386,1.0290464171511984,1.5815242516481722,0.7408170995788979,1.3850040619889168,-4.932949834266059,0.9505079855163724,1.9095341222556503,0.8365292166499442,0.7743866932925966,1.1263193508580012,1.3583768150592659,-4.276016111034216,1.3200104995930715,0.9138738755504996,0.9601009592036462,1.6518964518074242,0.8305337166812488,-5.218769131030234,1.2512217082304544,0.6928278486048446,1.9877678382815285,0.6068757662714612,-5.0926855560638735,1.3990441448677369,1.459933640618884,0.526763856573651,-5.599741626789449,1.9478770113660369,0.7871527043867712,-5.475086708011617,1.6718076867085705,-5.062506924550447,4.1189661365699095,2.6273410799199097,4.142976955870774,2.5522883767088
10.0,0.9,-4.4051421974002505,1.552965096932689,1.7373131101371355,0.6181711392608163,1.9608725874394752,0.7537986845394637,0.4291967669262514,0.3253215351051444,0.4499997763667958,0.9826456980927298,-3.5501582815188906,1.4516266613030677,0.0,1.0472807416659178,0.0,0.436841317217187,0.2366675923970952,1.7248704330932265,0.6500647204285984,-4.528138656134655,1.459426084973448,1.0723832897653442,0.5155666131839496,0.4107737465263038,0.0,0.4769015291172442,1.9322862772628169,-2.635730600501706,0.3448034184778624,0.0,0.4392122535057554,0.5929494606389714,0.5916009814628396,1.2252978626837188,-4.340441855061819,1.2109284973117975,1.758788167487116,0.3864150569780632,0.8994119509980616,0.0,-2.7444376549676353,0.3469270040690278,1.4493790843177077,0.9519271314712436,0.2603482950420804,-3.5610797551280124,1.101227181736928,0.2719759347922978,1.9272171379951584,-2.6421369111089206,1.1923139110439325,0.0,-3.2795008241728203,0.0,-3.488929995752551,4.00595538972823,1.5386164039842185,4.1268856189617615,2.541848164784125
10.0,0.9,-4.950092805861752,1.8788453681747,1.022624672662242,0.4060442513850694,0.2899401247196266,1.757173284989025,1.1008630194071838,1.9160579136311868,0.0,1.5286369767544725,-5.1440094012112585,1.7753844976839521,0.7568329207406121,1.8281090121271504,0.3922062996664518,1.789125313972661,0.8321345552326652,1.0353808348243245,0.0,-6.251996513079734,1.5654540975886566,1.011008919640206,1.4687937559336335,1.3846634059483454,1.8239144973818184,1.8397062623502975,0.6124429169703188,-4.336380305745292,1.1978812850648235,0.0,0.2618154800087646,1.8811595145440008,0.8133248203849692,1.7902482417736874,-3.724997423548627,0.4009589240096988,0.9345017804248362,0.9287328651898425,0.5797084380094584,0.2791534979116118,-4.787793246869052,0.5963340006271166,1.0649999042770928,1.9487518251609603,1.9463684990741257,-3.7187527119527655,0.0,0.4568747218296032,0.9133277016870204,-5.193367088744607,1.5004882195678828,0.4392467076647232,-4.830433169217432,0.0,-4.498027879071664,3.1791470506289703,1.9841263133118443,2.660064302261484,1.0683658153320925
10.0,0.9,-4.250744207744067,0.2883148432995806,0.8214036265245745,0.7659001971833578,0.558327734597676,1.745246207555089,1.897281558344464,0.5340660293772016,0.2360356029021338,1.6549126157040572,-4.901967930532951,1.867979539985884,0.2636178855370354,1.728416912199267,1.4348768380745947,1.4023817332510344,1.1886854207130357,0.7501936871566675,0.8794690008488042,-4.3736716561402735,1.6819923893580497,0.4976266901298676,0.6959105609547276,0.2073536013733712,1.7189489391607067,0.7602173195519152,0.4959106452414512,-3.4849221430117305,0.5744337001221442,0.4928367093228736,0.8935799323128,0.843581073340862,0.3260209237280204,1.1278814751183182,-4.275741082385019,1.1117087520439675,1.298436116390677,0.286104939581897,1.1014885870432047,1.3949387326613372,-5.2309971660866665,0.8648787994148132,1.895097834567876,0.8312375144771532,1.3902011157622374,-5.264331233465764,1.487092577679181,1.9216299846792335,0.5560281634859534,-4.085684864925274,0.2177929154297882,0.0,-3.827304207294863,1.5099918796216099,-4.504666814221884,2.497320863167424,2.7542839148116625,2.6241537437001883,1.0047324041356982
