num_nodes,edge_prob,Q_0_0,Q_0_1,Q_0_2,Q_0_3,Q_0_4,Q_0_5,Q_0_6,Q_0_7,Q_0_8,Q_0_9,Q_0_10,Q_0_11,Q_1_1,Q_1_2,Q_1_3,Q_1_4,Q_1_5,Q_1_6,Q_1_7,Q_1_8,Q_1_9,Q_1_10,Q_1_11,Q_2_2,Q_2_3,Q_2_4,Q_2_5,Q_2_6,Q_2_7,Q_2_8,Q_2_9,Q_2_10,Q_2_11,Q_3_3,Q_3_4,Q_3_5,Q_3_6,Q_3_7,Q_3_8,Q_3_9,Q_3_10,Q_3_11,Q_4_4,Q_4_5,Q_4_6,Q_4_7,Q_4_8,Q_4_9,Q_4_10,Q_4_11,Q_5_5,Q_5_6,Q_5_7,Q_5_8,Q_5_9,Q_5_10,Q_5_11,Q_6_6,Q_6_7,Q_6_8,Q_6_9,Q_6_10,Q_6_11,Q_7_7,Q_7_8,Q_7_9,Q_7_10,Q_7_11,Q_8_8,Q_8_9,Q_8_10,Q_8_11,Q_9_9,Q_9_10,Q_9_11,Q_10_10,Q_10_11,Q_11_11,x_0,x_1,x_2,x_3
12.0,0.5,-2.763943424346619,0.0,0.0,0.0,0.3690961641359408,0.0,1.3860318417193715,0.0,1.2928444542965118,0.0,1.6101438639506596,0.869770524590755,-2.9743044943753922,0.0,0.0,0.0,0.0,0.0,1.829564011431536,0.0,0.0,0.0,0.0,-2.2879089148599503,0.0,0.0,0.5286458059686984,0.0,0.0,0.0,0.3462743854445368,0.0,0.0,-1.4133445589269942,0.0,0.0,0.0,0.0,0.0,0.0,0.0,0.0,-4.996021836397609,1.5921020282089717,0.0,0.3284182212893314,0.7062075992852714,1.5609896574169546,0.8625594868799928,0.80744175405523,-1.6624545275567872,0.0,0.0,0.0,0.0,0.0,0.0,-3.534779085822855,0.3302285446522334,1.5119536260414492,1.1477962135387343,0.8893887279761754,0.0,-3.0789766386957624,0.0,0.0,0.0,0.0,-3.4609885379453758,0.9014346197944202,0.0,0.0,-2.7485481653291797,0.0,0.0,-4.2290612407465,1.018089442729904,-2.1225612326914605,3.2362599344000005,2.6250496288046787,4.105967281158999,1.7918126536734946
12.0,0.5,-2.3401872234394085,0.0,0.0,0.375578276534064,0.9566387830852175,0.0,1.4853353589158587,0.0,0.0,0.0,0.0,1.8628220283436772,-2.1615601917429643,0.0,0.0,0.0,1.5190822792842555,0.0,0.0,0.0,1.6150358818613415,0.6933784078501032,0.0,-3.056027556636816,0.0,0.0,0.0,0.0,1.1985457740085095,1.799187341811759,0.0,0.0,0.0,-3.7966389122812387,0.7016174027012138,1.4020458968911318,1.593426223077861,0.2960675351654508,0.9142959757768626,0.8254093295800944,0.0,0.4364437212851862,-2.204356868052384,0.0,0.0,1.6110229898077784,0.0,1.1394345605105582,0.0,0.0,-3.5794738703211513,0.0,0.665247092943423,0.0,0.584581630512884,0.6148043740271374,0.0,-3.3342597324054855,0.7601050136525384,1.5681038622615477,0.0,0.3171142130837256,0.0,-2.6691867920782233,0.0,0.0,0.0,0.0,-3.303252755022777,0.0,0.0,0.0,-4.305389142615088,1.790417756976312,0.0,-2.935659884084231,0.0,-2.560201197403021,4.46620501589472,2.849580357490555,2.3348579920445673,1.0895741288469498
12.0,0.5,-1.6347827603654341,0.0,0.0,0.533827754252612,0.7290447630239254,0.2108918936607254,0.0,0.0,0.2116553248817966,1.275638217771117,0.0,0.3085075671406916,-3.33712633619123,0.9206429226579042,0.0,0.0,0.0,0.0,0.9950213228927032,0.0,0.0,1.5575377305397136,0.0,-4.15119126375394,0.0,0.0,0.0,0.7353285054418404,1.3600362332629712,0.0,0.0,0.0,0.0,-1.940482314071218,1.6680473591134164,0.0,0.0,0.0,0.0,0.0,0.0,0.0,-4.9049673935735765,0.7527855842794424,0.5426282649594366,1.715605164742434,0.6937179343877846,0.0,1.5202050093236956,1.671700857504258,-1.400367051034649,0.0,0.6146287486724882,0.0,0.0,0.258327343286122,0.5023574510840574,-2.165784054885855,0.0,0.0,0.0,0.0,0.0,-3.977593629495611,0.0,0.0,0.0,0.0,-4.933991611949397,0.0,1.926162338138188,1.200383541742213,-2.71262586204757,0.871217744603307,1.201146882248308,-3.9694223233630392,0.0,-4.978464095002838,3.495511389331278,1.6523201547501742,3.09360907618935,1.4907013755369276
12.0,0.5,-4.3935838343745575,0.4922115639516274,1.0686066331692106,0.0,0.0,1.9419161416484616,1.822962834386362,0.0,0.6935651747728564,0.965312822063689,0.0,1.8025924987569089,-2.1316827991893557,1.7025314242478846,0.0,0.4157117575755618,0.0,0.0,0.0,0.0,1.6529108526036373,0.0,0.0,-2.449043292144818,0.0,0.0,0.754753403783078,0.0,0.0,1.3721951230894633,0.0,0.0,0.0,-1.6196160547694347,0.0,0.0,0.0,0.0,0.0,0.0,0.0,0.0,-1.73287942987977,0.0,0.0,1.273626491545835,0.0,0.0,0.0,0.0,-2.2757251831004197,0.2563243183576582,0.0,0.0,1.1874604500260537,0.0,0.4109960523855886,-2.6690816911113195,0.7344404524809885,0.0,0.0,1.9199268290646456,0.0,-2.3889149689964007,0.0,0.0,0.754415324224196,0.0,-2.264581446153753,1.2025797887058605,0.0,0.0,-3.994848992803542,0.0,1.3426045236508506,-2.1929195254510905,0.0,-3.2543787710996392,4.624597569751269,2.052444805641452,3.2163167578925815,2.23154809271287
12.0,0.5,-2.440087661500865,0.5261210931815866,1.402321998236671,0.0,0.0,1.6267143710457048,0.0,0.0,0.6051961100913335,0.7198217504464334,0.0,0.0,-1.649877338512681,0.0,0.0,0.0,0.0,0.0,0.0,0.0,1.62159934568605,0.5472029551989748,0.6048312829587508,-4.636090320404405,1.1533551083240705,0.0,1.0071493669580889,0.696915051711551,0.0,1.8836218170421752,0.3300279492340644,1.0071871616459904,1.7916021876561965,-4.0859403309872215,0.0,0.0,0.3537407571804974,1.879088159433516,0.0,0.0,0.0,0.0,-3.1956021532426657,0.0,0.0,0.0,0.0,0.0,0.0,0.0,-4.909139924742737,1.4412873614852535,0.6478037815132406,0.9648952547732378,0.0,1.8886387136042184,0.0,-1.8746633819039664,0.0,0.0,0.0,0.0,0.0,-3.3209269699613797,0.0,0.0,0.0,0.0,-2.97374524699729,0.0,0.0,0.4556438287449526,-3.513905729306049,1.914080603192966,0.2203010944877594,-5.247904620951681,1.635264054874092,-3.7430125897619004,4.141973418353096,1.569728604634317,3.152535764341268,1.563275941982454
12.0,0.5,-4.076843933708868,0.8352410285784574,0.0,0.6241298465994174,1.4074960573050785,1.9488369706424231,1.1028547872390653,1.4486528311168698,0.3989491151984722,0.3875272307379514,0.0,0.0,-3.367939360248963,1.145615835024075,0.0,0.0,1.7234814078152123,0.5246843022825772,0.0,0.7260476406235512,0.0,1.479938978469515,0.3008695277045388,-4.831910994197791,0.0,0.0,0.0,0.0,0.0,0.0,0.0,0.3226408815207278,1.1307332544678579,-2.816058917031535,0.5861338712882074,1.5644568767558067,0.0,0.0,0.0,0.0,1.5892771680471796,0.0,-5.142136613293703,1.3042026142398384,1.3941174971048165,0.0,0.0,1.992302338895124,0.0,1.9362289106827544,-4.182790010841888,0.0,0.8652268146047032,0.0,0.9593753376257927,0.0,0.0,-3.414917425220821,0.0,0.0,1.954448106304678,0.0,0.494382716487627,-2.295171337813894,0.0,0.6355680256124994,0.0,0.0,-1.915725923656213,1.7011744022491513,0.2323141619644606,0.7729665272767904,-4.851985994491665,0.9408989839358514,0.0,-2.430762948487633,0.2964557230375324,-2.4658183298285508,3.121451384312213,1.7731232613020342,3.5550161018143482,2.7308096483071194
12.0,0.5,-4.573241614614736,0.0,1.717888928040785,1.9200272435286012,1.1496535167987323,0.0,0.0,0.0,0.3535161667345324,1.554461192903156,1.5188556898589893,0.9320804913646764,-4.137699476270886,0.0,0.0,0.0,0.8372466908428898,1.696680575542797,1.7609590477022858,0.0,0.0,0.0,0.0,-3.5760626229528696,0.0,0.0,0.0,0.0,1.4859137142109906,0.0,1.468769800519266,1.6480128820883764,0.8315399210463212,-4.082657022025332,0.0,1.0930064000431072,0.0,0.5551763712546298,1.6888157942975317,1.0901661386951986,1.8181220962315967,0.0,-3.9876041301154093,1.3883157499866265,1.5881707785400692,0.0,0.0,1.7851616802965966,1.5309767913676002,0.0,-4.971528093428952,0.0,1.943075266637498,0.0,0.0,0.0,0.0,-2.926847056811388,0.0,0.0,0.0,0.0,0.0,-3.6047742555395095,0.0,0.0,0.0,0.0,-3.8303255736743647,0.0,1.5795218296938607,0.0,-4.830070468517712,0.0,0.793994137228523,-5.07669249275464,0.0,-2.827797677364544,2.844446857053538,1.382004771782964,4.978831303343184,1.2043072102562158
12.0,0.5,-2.91403437816584,1.9377584819693576,0.0,0.3585617905350052,1.1965075915436212,0.0,0.5015149037700916,0.0,0.8548496979604518,0.0,0.978876290553153,0.0,-3.7643022096844594,0.0,0.7988092160563268,1.4751035581219512,1.3115209235013923,0.2845890041239038,1.0721788122659626,0.317296218545706,0.0,0.3313482047843196,0.0,-1.3086420671773804,0.0,0.0,0.0,0.0,0.0,0.0,1.078089628804767,0.0,1.0073174655151502,-3.8427681234279265,1.3602756570732957,0.7966306422574,1.83467332998034,0.0,0.506579587079714,0.0,1.6472243970853857,0.3827816267883852,-4.750285438546686,1.9000479685696872,0.0,1.8317462014748724,1.736889900309945,0.0,0.0,0.0,-3.8422837304339508,0.0,0.0,0.0,0.0,0.0,1.2362261778606725,-3.281293726424783,0.0,1.5784377259065347,0.385730847518022,0.2142916295435876,0.0,-3.034791110228861,0.0,0.7500681222045532,0.0,0.8037943345613524,-4.63286388364305,0.0,1.9830881508611031,0.0,-2.225160855593339,0.0,1.2141647422830728,-4.271877126474796,1.8347801697109352,-3.2395322583597843,4.143205578384069,2.577113676606805,4.132428428516011,1.5621580614150126
12.0,0.5,-3.249667243591103,0.5532446719857278,0.0,0.0,0.5461758761404538,0.0,1.0579976914834954,1.8019138779475552,1.466292775998754,1.0737095936262193,0.0,0.0,-2.8003217471724393,0.0,0.0,0.0,1.8494117623928343,0.0,1.908200979347288,1.2897860806190282,0.0,0.0,0.0,-3.9544735468164087,0.0,0.0,0.0,0.0,0.0,0.0,0.0,1.7133173177621683,0.0,-2.1984463621245585,0.0,0.0,0.0,0.0,0.0,0.0,0.0,0.0,-5.563796430087346,0.0,1.7626396487082925,1.4866988220408608,0.0,1.789918824505132,1.9805795232191128,0.0,-3.6418105510872816,0.0,0.0,0.0,0.0,0.3649652619755516,0.0,-4.163799889685308,0.0,0.0,0.0,0.3481319973214122,1.9653115359907696,-5.241697019353263,0.9683887489553286,1.556913015507334,0.0,0.0,-2.636562816913857,0.0,0.0,0.0,-2.5685658142831533,0.0,0.0,-2.2034970501391227,0.0,-0.9826557679953848,3.1440307348365595,1.5624119883864431,3.136722521518498,1.570997430983909
12.0,0.5,-1.415217699877761,0.0,0.0,0.0,0.0,0.2716761501623534,0.0,0.0,1.8942205085537305,0.0,0.664538741039438,0.0,-5.723224434814954,1.7916338237028666,1.5726385560429077,0.0,0.0,1.59375264341945,1.9419658810671143,0.0,1.1978186869678782,0.0,1.2671080241725545,-1.9970319757289998,0.0,0.256918418576316,0.0,0.9480380893664728,0.0,0.0,0.0,0.0,0.0,-3.5745961945803257,0.0,0.0,1.2054973178566186,0.0,0.0,1.670171873105399,0.0,0.6021814622209796,-1.8210583465843682,0.0,0.0,0.0,0.0,0.0,0.0,0.0,-3.062778031909794,0.0,1.3599642350399126,1.2340920537278697,1.5397053032929129,0.0,0.574520746195137,-4.047871143047051,1.8044905163943687,0.0,1.89341722306882,0.0,0.0,-5.967506584173938,0.0,1.5502205659154564,0.0,1.719776657654951,-3.9622250130642236,0.0,1.361183558799025,0.0,-5.2965024604480515,0.0,0.8420195724352324,-3.699120156513951,0.0,-2.502803231339427,3.1488993070500615,2.5775971108833633,3.142028943240858,1.5703818363438882
12.0,0.6,-3.555875880555751,1.1064206316941836,0.7761068750552942,1.00568924593809,0.0,0.4787891150891404,0.0,0.0,0.0,0.4223054992984542,1.7314033847635617,1.591037009272777,-6.188386373598494,1.0597185953534174,1.7009043758058415,1.8908112358130655,1.0228066636998683,0.478037620230383,1.730800050047861,1.2159583364991453,0.6210910641304442,0.9405659185199594,0.6096582554028166,-2.7267212596808323,1.525007932724811,0.3447135442390552,0.0,0.0,0.3859625999313888,0.4257773839029104,0.0,0.2911997467407082,0.6449558414140796,-5.20923274961411,0.568669292249663,0.2172799929353812,1.3279453926036662,1.6566688677274848,0.4867503295402844,0.0,0.4720108772651272,1.4575391924378729,-4.87069825505554,0.0,1.3128003171366964,0.0,1.9840288639441976,0.0,0.0,0.0,-3.0381656907468217,1.630100002876437,0.0,0.0,0.8674185869810298,0.4417306607657332,1.1849913641051806,-3.277754503748586,0.0,0.0,0.0,0.0,0.0,-2.444265812226762,0.0,0.0,0.0,0.0,-4.0324246379478685,0.0,0.0,0.0,-3.420466066209308,0.3106231505656196,1.4028918075049723,-4.581971197131306,0.0,-4.489640597825605,3.1565409224311076,1.5693636330067067,3.134200178371867,1.554926524815303
12.0,0.6,-2.3119348857898485,0.3580180967313826,0.396868957102409,0.0,0.0,0.3953754550241522,0.0,0.6746234365597396,0.955138768433352,0.8354736957989481,0.0,1.0083713619297139,-3.961587342524241,0.0,0.0,0.4296964536563932,1.960721712138752,1.2179385752398806,0.0,0.2513804812490696,1.8530509137572968,1.852368452275708,0.0,-4.3941641800819236,0.820872283010218,0.4286086443065194,1.8149043237035825,0.0,0.4196701699501344,1.9938195923328563,1.2304710898323838,1.6831132999257439,0.0,-3.5589822280067174,0.0,0.0,0.0,0.0,0.0,0.0,0.0,0.0,-2.636346262422929,0.0,0.590169155595008,0.0,0.0,0.0,0.9438456560134938,0.0,-4.758064754793328,0.756903954516075,0.478776285148148,1.5396510241616468,0.0,0.0,0.0,-3.846774493057905,0.0,0.0,0.0,0.0,0.0,-3.472131007540652,1.2267641433358525,0.0,0.0,1.769613679886412,-4.175649458512428,1.002852427605363,0.3223462418688048,0.0,-3.4956647645016066,0.0,0.6893345878025074,-2.4008368250418752,0.0,-3.3166811519853496,3.043112033422646,0.6787385783072922,2.525359643919225,3.1548373331531088
12.0,0.6,-2.5462988604639474,0.0,0.0,0.0,1.1861241902427164,1.218227316148805,0.0,1.5424026009851448,1.1458436135512278,0.0,0.0,0.0,-5.583896674391411,1.8408980265875328,0.0,0.0,0.0,0.0,0.0,0.0,1.1635231208853936,1.6084165761519065,1.2979729407515008,-4.907329902489738,0.0,0.0,0.0,1.4842394309507119,0.0,0.0,0.498679883519043,0.0,0.6190120010408438,-1.4458687012613578,0.0,0.0,0.0,0.0,0.0,0.0,0.0,0.0,-2.9307913538836385,0.3139618048235572,1.242961049569317,0.0,0.0,0.0,0.0,0.0,-4.248367757146735,1.028090843240974,0.0,0.6213356347396184,0.0,0.3300761070762524,1.069655158150932,-3.930274449243727,0.0,0.0,0.0,0.0,0.0,-1.757331676261342,0.598277634791526,0.0,0.0,0.0,-3.9318030758251226,0.4705115334251514,0.0,0.0,-2.846921676562835,0.0,0.0,-2.2815425204654467,1.9954582135955727,-2.4910491567694244,2.1084911861945574,1.7852879370928871,4.21070253924569,1.3247048303882214
12.0,0.6,-3.4059036303296213,0.2462225794899108,0.0,1.883357245249402,0.0,0.6766694942086696,1.981962950745736,0.0,0.0,1.6006743673683606,0.0,0.4229206235971634,-5.068065360510542,1.1425810086744397,1.5906988342708628,0.7127939859241408,0.3893955316659858,1.1086646901795294,0.6607724926096854,0.0,1.824647756678888,1.8111743820703547,0.6491794594572874,-4.23521930608311,0.0,0.0,0.0,0.0,0.8461617002584796,0.758826255508131,0.0,0.760680500037857,0.0,-4.432921289382172,1.0478161494944833,0.0,0.8317789342743948,0.0,1.2769516250200388,1.9633646278296275,0.0,0.2718751626255336,-2.6938983193340067,0.0,0.0,0.0,0.0,0.0,0.0,0.0,-4.0462364685100205,1.1189900935158326,0.0,1.4979837968092424,1.7321310549344089,0.4576752122222782,0.6352446905709186,-4.9160452301711155,0.0,0.3502171852775412,0.0,1.9036627139502895,0.5469997575993316,-1.3569478665618013,0.0,0.0,0.0,0.0,-3.4346357916927928,0.0,0.0,0.0,-6.2516388223464565,0.6640972510303976,0.0,-3.7273007045775324,0.0,-2.5789892356128035,3.2869067413987856,2.6186104401243817,3.616487466010963,1.4977737793727606
12.0,0.6,-2.1905399006483366,0.0,0.0,1.5967969728277174,0.3102880346012144,0.2044035122348768,0.0,0.9657098506294788,1.3038814310033862,0.0,0.0,0.0,-2.7470823682835848,1.3752704355357206,0.0,0.0,0.0,0.5930018758721782,0.0,0.0,0.0,0.0,1.8433840191932345,-4.668887553273721,0.0,0.0,0.0,1.4974440466805468,0.0,0.0,0.8055665836986142,0.0,1.0771039510523077,-3.0463881133906683,0.0,0.0,0.0,1.3777917822389687,0.0,0.0,1.1836523653658881,0.0,-1.860596256961037,0.0,1.5458604202773187,0.3570600084546338,1.1185562443916721,0.0,0.0,0.0,-3.101052543272005,1.4357566342670653,1.7908536134506363,0.0,0.8090614022228998,1.127359294907302,0.8346706294612302,-3.6075133024740182,0.0,0.0,1.2238042322907015,0.0,0.0,-4.371715074019222,0.9324189360665088,0.8992143083289926,0.0,1.270148340441844,-3.831595781965169,0.5984732823356324,0.0,0.0,-2.16805990443842,0.0,0.0,-1.4562343906713637,0.0,-2.813382030609077,3.616078542003279,2.6977475052492337,4.235141112814095,1.5525400838576604
12.0,0.6,-1.8069243925260952,0.0,0.4200739997660816,1.7227907710355006,0.0,0.0,0.0,0.0,0.0,1.2567752056050983,0.21420880864551,0.0,-3.6229808358280584,0.0,0.0,1.8308528044078467,0.0,1.6840530021162154,0.0,0.2351907671474554,0.0,0.0,0.5193953887049922,-4.56186794140214,0.8308740300698138,1.9349991299471,1.3583916838755175,0.4701849712769788,0.6259958620351121,1.280237333877619,0.0,1.3108823947820194,0.0,-4.55634668626497,0.0,0.0,0.0,1.8731468595748673,1.99001421065284,0.0,1.4727858599934676,0.7920559198320952,-4.632625450911461,0.2214525111969696,1.6792243429403597,1.9838304024781912,0.0,0.0,0.0,0.5198949602507794,-2.107549751202053,0.0,0.0,0.0,0.0,0.0,0.0,-4.8753960991921605,1.1083820661568642,0.0,0.0,0.0,1.7276462619766857,-3.028852508114236,0.0,0.0,0.0,0.0,-3.380602881525229,0.0,0.0,1.6772946225611933,-4.766160066841781,1.9549924999556951,0.0,-4.512371499698126,1.0376629717145536,-3.2481036790125817,3.2995912646730203,1.725882138161973,4.0624371475903835,1.502521616497438
12.0,0.6,-5.095565273689503,0.2312497956611232,1.8084779682918937,0.4267019597525424,0.25696287992432,1.988531954860974,0.0,1.9738506611975768,0.764493418774612,1.4936613462446968,0.0,1.2472005626712648,-1.8868226129442751,0.0,0.0,0.0,0.0,0.0,0.0,0.0,1.180440627481037,1.8782407717341043,0.4837140310122858,-3.419791614266705,0.0,0.0,1.9295877554141256,0.3140742230597558,0.0,0.4817103522832768,0.5678755680654765,1.7378573614188815,0.0,-2.8475326756640396,0.0,1.3407601496256443,0.0,0.3581934510232292,0.5100277220928018,1.7588574840990725,0.0,1.300524584734789,-2.0008810538688846,0.0,0.0,1.977113027046062,1.4971336973984357,0.0,0.270552503368951,0.0,-5.091467975154982,1.1765441325163057,0.4636955371905688,0.0,1.668903850048421,0.0,1.614912570653924,-2.869239849884653,0.0,0.0,0.0,0.0,0.0,-3.68729822148462,1.1512062315192464,0.0,0.0,0.4079460432337448,-3.6954207183020538,1.130126145379552,0.2678855899380502,0.8430008651689141,-5.586726474060791,0.0,1.594480540172598,-2.0772681132299935,0.0,-4.086342124701002,4.234827291770615,2.6763618196475663,2.9329439018704693,1.5225509495322316
12.0,0.6,-4.7991164908249555,0.0,1.0291436204938358,1.355455897967744,1.6016171618762427,1.7923030953787782,1.8529339905323197,0.0,1.6074808726526015,0.0,0.359298342748389,0.0,-4.478367044461188,0.0,0.0,0.0,0.0,0.0,0.7511320035525816,0.0,0.0,0.0,1.6045692180122826,-3.423301720597163,0.0,0.0,1.2319759656517815,0.0,0.2176013701940988,1.904108816422439,0.0,0.6191874375330422,0.0,-3.8820437218865202,0.9528103154455532,1.9265187187397317,1.8704047387537863,0.0,0.0,1.126389261814258,0.0,0.5325085110519672,-4.398297472366765,1.3596803257073393,0.0,0.0,1.1663289008046258,0.0,1.1816750329440902,0.714331500101573,-5.306109691902126,1.8563125644927172,0.0,0.0,0.9966281910940266,0.0,1.448800522739876,-5.377399939834484,0.8220813232065526,1.6780567124892694,0.7582149679504836,0.2084186823219554,0.2257146901019484,-2.6665338966734184,0.0,1.548623527855219,0.0,0.0,-5.569159513564219,1.3213830951110512,0.5086812486970544,0.0,-3.352350543359519,0.0,0.0,-2.1628528467549306,0.0,-2.262962221003823,3.8115284267080907,1.4490598807067905,4.9806058300516565,3.570544608578585
12.0,0.6,-3.534335927134764,1.5869969879630579,0.0,0.0,0.0,1.887567888140166,0.0,0.631071499781837,0.427294521615184,0.9837126028170152,0.3045778193125718,1.2474505346396967,-2.7300949167416286,0.0,0.0,0.0,0.0,0.9938530102113646,1.9038483313112111,0.0,0.4882266965182524,0.0,0.4872648074793724,-2.865635672445977,1.7584882955380647,1.0494136158448144,0.0,0.0,0.0,0.0,0.0,0.0,0.0,-3.6845302436063214,1.1191919627644498,0.0,0.0,0.0,0.0,0.0,0.0,0.0,-3.9536341999991738,0.0,0.0,0.0,0.0,0.0,0.0,0.0,-4.244629517302562,1.3246029724824733,1.70226262908575,0.0,0.0,1.4903083347389636,0.0,-3.0633508359087247,0.0,0.0,0.0,0.0,0.0,-4.769997788331718,0.4199895809263412,0.0,1.710387759020953,1.6361788218651212,-1.9884893197419298,0.661365351327653,0.0,0.9454675677780954,-4.086866019123599,0.3661481671147172,1.9579755670595016,-3.2410718655282498,0.3338713872729502,-5.280458665712397,4.1937885819185965,1.7372586882946603,3.0678388417879834,1.6245618939286537
12.0,0.6,-4.389959968361953,0.0,1.7707236738557541,0.0,1.1887648218584057,0.0,0.518582117185465,0.6291320578871415,1.1426030575290331,1.5423990300269552,0.5968837309255514,1.3908314474555985,-1.2196855364654136,0.0,0.0,0.0,0.0,0.0,0.0,0.0,0.0,0.0,0.0,-5.036935151048649,0.0,1.599631895578474,1.894611033297395,1.4683931615146333,0.0,0.2416599487300104,0.2841358865952008,0.834803153987816,1.5767516292390829,-0.9773440378586236,0.0,0.0,0.0,0.0,0.0,0.0,0.0,0.0,-3.307060324014393,0.0,0.0,0.464531080005633,0.5921904039336056,1.0256080316638694,0.7879388018460304,0.3624746266224434,-2.7589364406488315,0.0,0.0,0.0,0.0,0.0,0.0,-3.4634253375530513,1.4563175766765903,0.0,0.0,0.0,1.8520652828028568,-3.2557830836792436,0.723673252981273,0.761199091685812,1.054290156382672,0.0,-2.830089996755192,0.7521870202092302,1.2933486264713572,0.0,-3.694147008783105,1.0241710362637397,0.0,-3.341308343707323,1.0911811815374797,-3.663728582521674,1.289406960444684,2.2318719779477845,3.044206750805642,0.4771473495379306
12.0,0.7,-3.383904347772674,0.0,0.0,0.0,1.7684320634726562,0.0,0.0,1.3865677535841567,1.941288566419188,0.7759531970774548,0.0,0.8955671149918918,-2.615222340535915,0.288197755281567,0.0,0.0,1.5989728783150527,0.2032676519727944,0.0,0.0,0.0,0.2477759612209892,0.0,-3.4600162415023896,0.541280987915321,0.0,0.0,1.8267988591399869,0.0,0.0,0.0,1.0451845426163953,0.0,-1.6654162674213173,0.0,0.0,0.0,0.0,0.0,0.0,0.0,0.0,-4.354893672922902,1.1743213357877678,0.2133968025917522,1.0185918250375452,0.3104845567905914,0.2016512367326798,0.6588836933211644,1.200694674818604,-3.461883572531218,0.2995605879533716,0.0,0.0,0.0,0.0,0.0,-3.334946034408212,0.0,0.0,0.0,1.2402290915861005,0.0,-3.1091467653015004,1.9060079818160236,0.0,0.6797308945657564,1.2273950755995182,-6.967182925971532,1.3054605823172982,1.5699495249037843,0.6803479019413646,-2.753910115736939,0.0,1.0903010386275407,-2.976251332943059,0.0,-3.917268953274896,4.293068202083966,1.4633788984845282,3.1892027412480144,1.590740241731465
12.0,0.7,-3.8688761439712582,0.393690177692929,1.2248328983270143,0.0,0.0,0.76087629021009,1.5782326765199761,0.0,1.0219857330810906,0.8891753791905274,0.0,1.8689591329208888,-2.607203096254568,0.0,0.0,1.208142711084831,0.0,0.0,1.77016436309316,1.2375131658939698,0.0,0.0,0.6048957747442464,-2.909016690445655,0.0,0.37448737893302,1.5158048462669866,0.0,0.4845681676155002,0.0,0.920890969963008,1.2974491197857816,0.0,-3.9671366061928524,0.0,0.0,0.0,0.0,0.0,0.0,0.0,0.0,-4.370154201616567,0.0,0.0,0.0,0.0,0.0,0.2403678073657738,0.0,-5.5120498840135435,0.373644898492652,0.7225237412088116,1.4140954234742753,1.2181104378147374,0.4465158468805748,1.8857509270222432,-4.202845345004295,1.1860038668656832,1.3344308564727516,1.5364834700064032,0.0,0.0,-4.569721961915964,0.0,0.0,1.3289826851776914,0.0,-5.244369254883237,1.6110545769290265,1.3885664650283855,0.2925208879277896,-4.92375062948457,1.445509790578623,0.0,-3.9653348434700275,0.0,-4.583681223443503,4.119300009859852,2.5043127299971286,4.080218325335091,2.6525149544351274
12.0,0.7,-3.618596778349325,0.0,0.2649529087660112,0.0,1.0015296554856876,1.5572872299068294,0.8909343141411192,0.265767334133537,0.0,0.0,1.4771459406194944,1.7795761736459712,-2.75541451438965,0.0,1.3423504615555524,0.0,0.0,0.0,0.0,1.2251371532691648,0.0,0.0,0.0,-3.2443864678282286,0.0,1.72463573495487,1.8238858575744457,0.0,0.0,1.098636181837504,0.0,0.0,0.8184435586362078,-3.0843908534230633,0.0,0.0,0.0,0.0,0.0,0.3013964918325458,0.0,0.0,-4.068754018506619,0.0,1.5520212434564866,0.0,1.1338878932994039,0.4370650107535054,0.0,1.510613903357167,-5.493055976954944,1.4464993659592038,0.7189268549682012,0.4954811043418568,0.7237074504036118,1.8904672547536367,1.038702028555764,-4.655277834154373,0.671209687947088,1.0840923276086498,1.228308829032143,1.8671083748316488,0.0,-4.385945342756471,1.8728283928747809,1.5108822890926787,0.8372238136989362,1.8375861536655953,-3.911891149198308,0.0,0.0,0.0,-2.7804740031190156,0.0,0.0,-4.408136469214516,0.0,-4.763650914766199,4.223088188885536,1.4505447105912446,3.210681977743022,1.4490521332738298
12.0,0.7,-3.800220434078155,0.0,0.738339679042172,1.4597322531950214,1.1990804417517773,1.607169926826634,0.8163592940107036,0.0,0.0,0.0,1.779759273330002,0.0,-3.7816888386128817,0.0,0.0,0.0,0.0,0.0,1.0492068604383928,1.9500610923642343,0.0,0.0,0.0,-4.385253465319052,1.340103342944207,0.8885314669304468,1.685622510420633,1.587148908569567,0.0,0.2564864029542672,0.3270810406497898,0.0,0.606709258565021,-3.8859998779290006,0.0,0.0,0.0,0.0,0.8632821996503108,1.5637767678501588,0.8989086795331322,1.6461965126851708,-3.355831637012761,0.0,0.0,0.0,1.0770003102586803,1.1740237888618992,0.0,0.7863976113574966,-3.7885734268445126,0.8540990119152658,0.0,0.6966864288306324,0.0,1.1006928036317718,1.632876172064088,-4.832832303138737,0.8695972996659308,1.6511236982496034,0.6376159838050592,1.571488559674538,1.678231850386806,-2.3121793151779753,0.0,1.997343656950448,0.0,0.7082108133011784,-5.389691060833712,1.7820098690771409,0.0,0.6884285552473262,-5.488466159554662,0.0,1.6820236052902322,-6.159347277640962,1.7034883184567438,-5.56628134867703,2.9475056068156373,1.8275073107837014,3.3486576892170112,1.7356161325444366
12.0,0.7,-3.611169259127365,0.5594598499832988,1.9998398798713293,0.8987473431026892,1.6407746770579705,0.3903016079599524,0.981890780470704,0.0,0.0,0.0,0.0,0.7513243798087857,-6.354328847926443,1.7407568100016877,1.5834921318635438,1.5116785519541138,1.8431270279736551,0.271344271704134,0.4132129906569726,1.6498964934597318,1.8916072084754896,1.244082359780258,0.0,-4.320800653462058,0.9039246460421198,0.0,0.0,1.1864769068446819,0.4821817144803528,0.0,0.0,0.5898061726848308,1.7386151769991125,-4.761561023844058,0.0,1.6955050600916266,0.6629294781664496,1.1416839473026348,0.6322934356393618,0.5107730598319133,0.7185357200402306,0.7752372256075456,-3.839103219090256,0.0,1.2891843974841763,0.5934979381001022,0.0,0.9038456363599332,0.0,1.7392252372242154,-3.423676123595353,0.0,0.5465294853753082,0.0,0.5635764324600264,1.020067042823722,0.7882455905064156,-3.4719605094501222,0.3146934091615482,1.014368836299072,1.2230329387694794,0.0,0.0,-2.9516506745879054,1.460236417275819,0.0,0.0,0.0,-2.8803285274535635,0.0,1.0038618722331425,0.0,-3.3413238261237974,0.7809287706645052,0.0,-3.4354036560924808,0.0,-4.533161018306834,4.142357216644485,1.589261005150578,4.181275730898092,2.6163267616451984
12.0,0.7,-3.6613456744681576,0.0,0.366152691406136,0.0,1.476569971854181,0.6253843744673636,0.0,0.8213014245535236,1.3047797374857182,0.0,1.247563277834899,1.4809398713344937,-3.341984973556689,0.0,0.0,0.0,0.0,0.9543302075968716,0.0,0.0,0.740679336755071,0.0,0.0,-3.8890310611597507,0.5592505433748222,0.0,0.4297740785798628,1.0330930530889024,0.7214078539002636,0.7718963161804798,1.5018545921029562,1.0026397373723863,0.0,-3.1516433193913524,0.0,0.0,0.0,0.0,0.0,0.0,0.0,0.0,-4.02356513050158,0.3625726203254748,1.2304682449559854,1.7825920982138161,0.588000223797622,0.488080257219244,0.0,1.0968642227504033,-3.499091808098233,1.2606324586489026,1.3444376932840592,0.471537563423817,0.0,1.1126191123791465,0.0,-3.70868081791759,0.0,0.0,0.8196070280599266,0.0,0.0,-4.19122604549638,0.0,1.3496218118912124,1.1290017650411521,0.8097590913672432,-3.0175393562136046,0.5367602328354384,1.1412334756847637,0.0,-4.711797179832724,0.0,0.0,-4.626548930077343,1.4648095456435932,-4.649246294690258,3.141880386535183,1.3856492195678982,3.1605839722302993,1.7324209032020885
12.0,0.7,-3.5694904796520923,1.0060297359527632,0.0,0.3668405749364498,0.0,1.9686807629852037,0.0,0.7373927225625005,1.896270446673648,0.0,0.0,1.1637667161936198,-3.355852143783683,0.0,0.4637665103075184,0.0,0.9777446823544952,1.2820209521591497,1.3252362539135065,0.0,0.0,1.656906152879933,0.0,-4.536669575187801,0.0,1.2537160257221467,0.0,0.0,0.0,0.0,1.6189547699439963,0.0,0.0,-5.011449251009005,1.1747064714740654,0.0,1.4355649691431491,1.4477328956696887,0.2670538668972438,1.914517032501172,0.7547960057729404,0.3338670816190142,-3.2904465187267284,0.0,0.0,0.0,0.0,0.4926525816626128,0.0,0.0,-3.353517611998763,0.6431750036223516,0.2962209888198514,0.0,1.068895516885532,0.6149215131792202,0.3480790274435746,-4.437702157098655,0.0,0.0,0.3230316476454822,1.6552364817769347,0.0,-5.943644282647815,1.4675834879158565,1.770315008017104,1.3992448936513002,1.0975344162634495,-2.777259816753688,0.7752156809314183,0.0,1.1483961510892096,-4.669628827486967,0.0,0.0,-3.7968282102012103,0.0,-3.5546805730873716,3.1086468674167627,2.790700248055484,2.809938809082723,1.2686210350923521
12.0,0.7,-4.779829326873991,0.922395600984244,0.7237064803045894,0.0,0.0,0.0,1.180352469791126,1.1187810883826816,1.9247282458519916,0.825441511727021,1.4629152397590093,1.401338016947319,-4.563981671532978,1.642392759175984,1.8825897038868356,0.7400474742111564,0.5087081013893372,0.0,0.0,1.737865939782442,0.0,1.693963763635957,0.0,-4.845477425862039,1.4876992949392933,0.8258037719386194,0.0,1.6564859374405125,0.9188509897938716,0.9092894533219492,0.0,1.1930776274156702,0.3336485373935868,-3.8770880479634338,0.466695433363004,0.0,0.0,0.0,0.0,0.0,0.0,0.0,-4.506746463708574,1.5282035963912664,0.0,0.0,0.0,0.0,0.0,0.0,-4.935744633062839,0.0,0.0,0.0,0.0,0.0,0.0,-4.559113558840185,1.8166840031215867,1.825979283179544,0.0,0.0,0.4752705649364768,-4.972875670021794,1.0094565502252515,0.2017545792852316,1.554115149458753,0.2147249776731018,-6.079734895636627,1.3401604598535022,0.729025384710088,0.0,-3.131869867493942,0.0,0.0,-5.3614793346735015,0.0,-1.8427229781970107,4.137280755042488,1.5759676473085464,3.1527869401123905,2.5200257297137534
12.0,0.7,-4.343918729794728,1.5200686264521832,0.0,0.0,0.0,0.0,1.6685029121495487,1.7376178015010675,0.63235637950657,1.4347442773971208,1.0890175856113997,0.6055298769715656,-3.62096942867237,0.602239347968337,1.5813983477595024,0.0,0.0,0.0,0.0,0.9397419223832042,0.301426489938671,0.7560264432143312,1.5410376796285115,-4.580959751922954,0.6841945559815664,1.9107210825898344,0.0,0.0,0.0,0.0,0.0,0.0,0.0,-6.106199366653896,1.6513350124484196,1.3829827185933736,0.0,0.0,0.0,0.0,0.0,0.0,-5.569541156478643,0.6490310861671036,0.0,0.0,0.0,0.0,0.0,0.0,-2.906157335785106,0.0,0.0,0.0,0.0,0.0,0.0,-5.38828473540473,1.6725210443164655,0.0,1.908569759104609,0.9694589805878288,0.5871763089082316,-4.813882333911322,0.6887597276017088,1.7673241081189786,1.7956703318342087,0.0,-3.758533223585849,0.3283714630700988,1.8120811650494064,1.2109579269783552,-6.80109854707261,1.7865907138718669,1.425921952967089,-7.332012357236884,0.9013293191608264,-5.906696595705655,4.063821475599958,2.6885403625563518,3.041850602527539,1.7124210726623428
12.0,0.7,-4.124115676454269,1.541967722240779,0.0,0.9405297559034148,1.8491227321648749,0.8121652499958064,0.0,0.4552550015439208,0.5988877303273256,0.7045913255068654,0.0,1.3457118352255522,-3.4734197176027974,0.0,0.0,0.4141689146903572,1.7405562037736626,0.0,0.4866091480982816,0.6670526601431538,0.2305448585982382,0.0,1.8659399276611233,-2.8115150047990314,0.0,0.0,0.0,1.611966395121429,0.0,0.0,0.0,0.4092917762675276,0.0,-3.030802239115327,0.0,0.0,0.0,1.1523358839095688,1.973807604836574,0.0,1.9949312335810971,0.0,-4.957460156197361,1.3308487350728087,0.0,0.7997692086651143,0.3077696103657544,1.718022626660424,1.7636404459598316,0.5752108600764888,-3.691816265942102,0.9409939067538374,0.251479225334974,1.8386404881884968,0.0,0.0,0.0,-2.1321728581407142,0.0,0.0,0.0,0.6760962529921194,0.0,-1.6745507560409578,0.2036530445300564,0.0,0.0,0.0,-6.134193242628107,1.8150056550172344,0.893155918642174,1.9939578365000228,-3.7608833045734396,1.69206168988245,0.3262512920676238,-4.065427812608433,0.0,-3.404375029711238,4.372318688291639,2.574158791092686,3.2237300952778454,1.5745481078794292
12.0,0.8,-5.992427796108246,1.1740808070171993,0.4822572178092502,1.7225541826194282,1.9802815079446257,0.935666050704022,1.6931493913096498,0.2697697771975742,1.5906035231429332,0.8032023623867972,0.0,1.333290772085012,-4.849708400998517,0.2444828261139066,1.436107609503625,0.4229812146663146,1.5163507999151065,0.4018151146692558,1.563245328906848,1.4573740880116366,0.7314547100472883,0.3838768763326208,0.3676474268132342,-3.8781239896823685,0.0,1.224981926604575,0.9832886878933466,1.20868973506326,0.0,0.0,1.699376452889142,1.2692124116792916,0.6439587213119642,-5.566608562590569,0.5368902618045258,0.4758561903981824,0.606091607872441,1.763885883870408,1.2094336780254697,1.978673731941432,1.1587552406130743,0.2449687385325526,-5.632649174039451,0.0,0.3730761604432856,1.5370621982232862,1.5876006399805616,1.450102718764806,0.5846838151454128,1.5676379045015103,-5.731296857612198,1.943782260266856,1.0649258227087524,1.4817028548855535,1.614869761022271,0.0,1.4461512874303033,-4.155455568698323,0.7004540354446696,0.530679221991718,0.0,0.0,0.8531736103355108,-5.0160593041528685,0.8819129715960718,0.79659924749027,0.0,1.454263342867857,-5.624837077169108,1.251545460662852,1.0329223504986524,0.225899365542766,-5.541420894787689,0.7570173443705198,0.0,-2.9530278960405925,0.0,-4.428289461431162,3.1352471403625057,2.79217280904814,2.742608337491845,1.3863520848725444
12.0,0.8,-3.3667561263823855,1.6139354500037306,1.3319037295812675,0.0,0.2769269199263072,0.8664081555080504,0.4919567985500124,0.525730637944835,1.181569053215455,0.0,0.4450815080351124,0.0,-4.240008216828205,0.7806630724272342,1.6805487108531112,1.1679561306381054,0.933343371008434,0.9775228920290207,0.0,0.8498547242257338,0.4761920824710406,0.0,0.0,-4.326280359080054,1.1312420987254763,0.781404664072806,0.9892587758514289,0.8283573432009808,0.0,0.4087449459157444,1.071503949630995,0.8150956630315732,0.5143864757226024,-5.186930914195634,0.0,0.0,0.0,0.0,0.0,0.9159671237322864,0.0,1.7332981229394135,-4.178953091464582,1.328587688830473,0.5569812030442644,1.3917870709556335,1.2520723540565561,0.0,0.0,1.2125024238289448,-4.900899956061489,1.049310748126517,0.7632481628914362,0.49131974710457,0.7312003672408622,0.0,1.9013809786159357,-4.013017292276923,1.843529636191,0.371987731123262,0.65246997162308,0.0,1.2539182606657087,-3.820947344075291,1.3689655395908416,0.0,0.6304695182857722,0.0,-5.125342280542544,0.436025039749787,1.2118263059965397,1.3049476487158378,-3.4112985724183846,0.0,1.7976135560640245,-3.1763461846873087,1.2247537857631126,-5.47140062615779,4.144224849322973,1.5787784420134718,4.140884483355949,1.5761680934669993
12.0,0.8,-4.596967127266162,0.0,1.4791916703290857,0.0,0.6482015675273072,0.8655321565841732,1.963288994415936,0.0,1.2236498072843613,0.4702453904228976,1.1799699304010154,1.3638547375675483,-3.1953932480525817,0.0,0.8707783128471072,0.0,0.0,0.0,0.0,0.0,0.0,0.0,0.0,-5.863677923844012,1.3914448684201408,0.2690244872777216,0.8136501248907986,0.0,1.7022308399303026,1.3200194205361198,1.008626759870196,1.9733087463300856,0.0,-4.390391609623098,0.0,0.0,0.0,1.5205601504329944,0.0,0.0,0.0,0.0,-4.085788935603357,0.5398124965761092,1.936578892111308,0.9250958705280155,0.7769747573004222,0.6728399623804822,0.606937874182941,0.2177456221920776,-3.1815802911091877,0.0,0.4979171467025138,1.737215684703317,0.0,1.1380048383666899,0.0,-4.043191321959116,0.5845046536264098,0.8686266223327286,0.3863937099849758,1.6687911814723453,0.0,-4.156271688778418,0.0,0.0,0.0,0.0,-5.117120310637491,0.0,0.9138196044033574,1.4972905530489844,-3.6502304598407003,1.477283316060505,1.7789502759032756,-6.572976665695156,1.114424650264594,-4.149438881940176,4.140415850411135,2.576635812088159,3.143413047995713,1.5786194789725911
12.0,0.8,-3.944803614536124,1.2418708412674426,0.6411337471495654,0.8859088743860928,0.9263538544156444,1.1614865973668544,0.9449603289990798,0.3814491300641776,0.0,0.5160594197924628,0.0,1.1903844356309279,-3.919514963580608,0.0,1.0726269220931142,0.0,1.7102732789251232,0.0,0.370105709855511,0.8557279585236168,1.452007444021228,1.1364177724751803,0.0,-6.352548220950544,1.8244627169621457,1.801822858418636,1.0560885963437858,0.3965349634978496,1.5709988644091935,1.0027282556652601,1.6861858311570481,1.4043615815739796,1.320779026723624,-4.9826599308761494,0.0,1.95475450137188,1.2447327271581583,0.2496999312608916,0.0,1.5308927540877466,0.6050488595965146,0.5971925748357552,-4.391062258362646,1.3101600270606826,0.0,0.2718715680898086,0.693957333456985,1.3535964858826781,0.878068150273551,1.5462942391273053,-7.53807336428372,1.6261359057151668,1.435740249221114,0.7620844306445802,1.029401159350876,1.1878391276767548,1.8421828548906256,-4.38821067127228,0.8173717531726724,0.0,1.4275926430764414,1.3177381463726303,1.001354874552563,-4.282882760718144,0.804965329526166,1.1473335986502762,0.8582693254263868,0.6579600617600926,-3.2984073645492535,0.0,0.761088077939496,0.0,-6.4588229357907645,0.82984724681249,0.8883636106211682,-5.434580684571258,0.0,-5.7974462121754415,4.34919709084129,1.3206201662607002,2.862406769734926,1.3090395041548446
12.0,0.8,-6.133399232535289,0.588773415429975,0.252489990307029,0.5105492500146258,0.4877470358700048,1.558342451915188,1.3505470449449328,0.9770577394532394,1.750058813733875,1.0659498150183377,1.7357975858912553,1.9894853224921152,-2.804315732223785,0.0,1.9480272499440467,1.6618639140390363,0.0,0.0,0.2452063369167888,0.2118045262806798,0.0,0.0,0.9529560218370436,-4.315645491953963,0.2859437757893044,0.2852434631469328,1.1632274688631323,0.4253904535659434,1.2634473441463854,0.3115668775594836,1.6800930114937758,1.6384098525375839,1.3254787464983553,-4.303729129789435,0.0,1.734509623910389,0.6910226702439308,0.4270170041106816,0.4400282213792284,0.9909452062996744,0.9007547259605736,0.6786605319264152,-4.821896155440634,1.88772983346828,1.9815002397679553,1.2086649685086077,0.3936044390979192,0.0,0.0,1.7374384169825325,-6.2899518142587,0.4775074140880962,0.70972273889556,0.796291887231942,0.9745625190441514,1.6465761741806004,1.6314335169200596,-4.58932629234015,0.2397730268048102,1.9347095011648447,0.0,0.9147401350812632,1.1634620990185238,-4.858075578289516,1.2356953388551897,0.6275099383111976,1.2071098857117752,1.5749468348647968,-5.101119821123925,1.7580281358295045,0.672885027445768,0.6975668736694148,-4.711891354052025,1.230261458512684,1.0964326235947237,-5.250151583383179,0.5537683214448545,-6.700814654624418,3.146946761830913,2.565370024141265,3.146989736158528,1.5672241755943133
12.0,0.8,-4.7117933650653425,0.2479215745601766,0.318276389073952,1.518845052337049,1.931245643352269,1.9509401837409488,0.0,0.5104836789106222,0.4912548954636562,0.534187629354581,0.7772053778059504,1.1432263055314802,-4.682727574556193,1.8030933293253608,0.9457569905749288,0.0,1.234635091236182,0.8483560760843156,1.36307906130945,1.9833386046795356,0.0,0.9392744213424358,0.0,-4.575650802888218,0.4982619362895456,1.5981749715128273,1.861667883146022,0.6567899350478782,0.3336443546216922,0.4799436869571354,0.3461221012508344,1.2553270185511873,0.0,-4.390923840255904,1.6397800646151015,1.0417377302256712,0.481509117591967,0.9912115166640358,1.3598902569513998,0.0,0.0,0.304855015262108,-6.338424664189231,1.0469668955967733,1.3022648841412963,0.8272179253178442,1.1087165389731741,0.0,1.7786027121936308,1.4438796926755448,-6.4304964679189425,0.3342292641321236,0.7489690702107684,0.0,1.076672733232758,1.6243885125303212,1.940785571786316,-4.754766376083897,0.0,0.0,0.0,0.0,0.0,-5.3537356150704944,1.1981600528530705,1.3625038755035586,0.8968983384017322,1.6179895676761786,-6.584756375462943,1.971278375027416,1.2776074569546907,1.9506037603832305,-3.271411479683885,0.0,0.8062216762160122,-6.108417710306638,1.828432887769184,-6.21570488863445,4.361538436507401,2.6375552367615334,3.99239269612519,1.6470896377472175
12.0,0.8,-2.9715652577309775,1.2151981061348318,0.6566205592608924,0.0,0.0,0.6223126599891742,0.0,0.4512928407053268,0.3588919669818606,1.2109317292396622,0.0,1.4278826531502071,-4.486842562449001,0.0,1.021636179536355,1.0333404733657319,0.8582082402243782,1.8297113838863408,0.0,1.366147884746804,0.0,0.0,1.6494428570035609,-3.7071978732953834,1.1268264594521458,1.2196513277125887,1.6747833174445794,0.334555597522427,0.5076195296402558,0.5274920838089362,0.4261694798528806,0.0,0.9406773918960608,-4.991067093565053,1.1883292512089079,0.0,0.7496109281326772,0.0,0.0,0.0,1.1383678422481738,0.0,-4.835827136587674,0.0,0.5028824583506784,0.0,0.0,0.0,1.0422320529450535,0.0,-5.909760578220675,1.2758069487485528,1.6247658613253309,0.5120610688759518,0.7848241944388622,1.3519130801448787,0.7824530226664036,-4.982145262960664,0.0,0.0,0.0,0.9088151887074866,0.0,-2.9441256758251924,0.0,0.0,0.3986909732036736,1.0038089560541508,-4.3064273446065595,1.6287446855950791,0.882892335180015,0.557769945927823,-4.997783047723745,1.0150435027859588,0.8496723197142702,-3.6993534234169183,0.0,-5.292224209763081,4.138912814485123,1.5790640420517577,3.1401057460814115,1.5660790762327506
12.0,0.8,-3.414898489845344,0.3793119980436484,0.2851390788413902,0.3421405682355002,1.677455215012404,0.9129361857225158,0.9230701900365764,0.0,1.661224131201016,0.0,0.648519612597636,0.0,-3.5244044785845565,0.7231832082989528,1.0868713216867318,0.6826864111348752,0.67873392604958,0.0,0.6507248751476358,1.39843237934037,0.4510152645047738,0.0,0.9978495729625454,-5.999386465831068,1.967372146007084,1.6823103974442861,1.7993378425275766,1.4095897895229605,0.6943878594817046,1.375731097143816,0.2098174152038104,0.0,1.8519040971905547,-5.11344832428088,0.0,1.016966927443228,0.5283211324523066,1.1023669531292342,1.0511624046246295,1.6699195960112982,0.0,1.4617755989717476,-5.061317967085684,0.3105919994831798,0.8540692906197664,1.1261825435916921,1.1924525122760958,0.840970742393645,0.0,1.755916822215425,-5.958925616877158,0.0,0.3606337446794516,1.3073641719429547,1.9567569338514423,1.6702941235025668,1.90423537855182,-2.9775271802321996,0.0,0.329568737277075,1.3335455575210016,0.3211019431756996,0.255787719859013,-2.868772085125589,0.0,0.3873552960164236,0.0,0.0,-5.4390686131495585,0.0,1.4451711904670557,0.7633832888301598,-3.8822904755528125,0.0,0.0,-3.7439389832167738,1.4253453660782682,-5.208098922329766,3.6494187391613466,1.5085464985771033,3.064276441035043,2.5807547440960987
12.0,0.8,-4.294416013723582,0.6039063403861759,0.2838828911792402,0.0,0.0,1.9811999463571133,1.2839007659266595,0.786354105024031,0.0,1.4221244919001534,0.7226297339706318,1.5048337527031586,-5.194914727806184,0.2435998890792414,0.9046900132043834,0.873252104926831,1.5225568089183816,1.2779517948529668,0.4266360668781116,1.9698854209783168,0.0,1.9506269934591929,0.6167240229287678,-3.8387980983405305,1.5468752247691981,0.4080189240689876,1.4760322847713172,0.0,1.4424572822460056,1.2847065929148116,0.6145851791554966,0.0,0.3774379284967624,-3.8076216708625616,1.872112476148076,0.0,0.0,0.0,0.9730811777584364,0.0,0.0,0.0,-4.905210607347073,0.0,0.0,0.0,1.8125080224977836,0.0,0.0,0.0,-5.308716100892893,1.0135282308058826,0.3366710489173442,0.0,1.4947741058674695,0.9346108652881016,0.9636909164990514,-4.791894693974626,0.4203172025198938,0.507654573069397,1.2880581054191604,1.560658662561953,1.4088107679486728,-3.743816823037424,1.2059762204007853,0.9843658577868544,0.0,0.0,-4.507587198814648,0.0,0.0,0.0,-4.2876589317369875,0.3675571871355798,1.1400650380646051,-3.8152754830177686,0.0,-3.737775195137968,3.077105465594471,0.9177290885558752,4.9060739368811666,2.4218390288740084
12.0,0.8,-5.583826897216907,1.7703646452226485,1.7844777178424098,0.0,0.81800696223351,0.0,1.2017282159012892,0.2573772064544584,1.456572999066685,1.6544507273261686,1.1985519493072558,1.0261233710793918,-4.445905247443434,0.3189276710831638,0.0,0.8824825591169566,1.821385428859096,0.0,0.0,1.8208699924793543,1.8889607618389923,0.0,0.388819436286656,-5.0482859034480825,0.919892299378454,0.0,0.0,1.4663621399490065,1.2596728503933037,1.0006687234249543,1.6903860444428798,1.0683908117602727,0.5877935486217214,-4.396591446045035,0.0,0.0,0.0,0.0,0.0,0.0,0.0,0.0,-5.100506613826699,0.5643954892557602,1.7810591536105556,0.4731078699703666,0.635566074541961,1.4835978263828484,1.6998898950422114,0.2023179014851946,-4.664716510798688,0.0,0.0,0.0,0.0,0.0,0.0,-4.17012217012822,0.3158046542444404,0.4044775464834774,1.2239756432398083,1.7278715641637248,0.0,-3.784502252463068,0.0,0.0,1.6627159869631014,0.4154573003065176,-4.371416703958161,0.5903433272055876,1.0668557332881374,0.0,-5.086663937289088,0.0,1.0180122737463229,-6.130734227672976,1.5086999251361053,-3.3890588468806,3.0697125359813953,2.051309675787632,4.989876665853882,0.24771537519721096
12.0,0.9,-3.7133877231249244,0.2359413337896622,1.1063636528035181,1.1032946265401264,0.0,0.0,0.2934081964290316,0.6478527401868692,0.2435909142711036,0.6949220727736508,1.2156583764865685,1.8857435329693184,-5.313363364548878,0.9050178973438598,1.9884424530647224,0.0,0.2544168965347774,1.9330944542560016,0.9987163838951274,1.2896005531482755,1.0990121924351683,1.6785948677729412,0.24388969685722,-6.6659555292255845,1.0348334294031651,0.9910763153808554,1.678763729809556,0.6735881524377918,0.6436211961666646,1.9876554067428671,1.5283993254936916,1.5357241372099357,1.2468678156592652,-6.937822377612517,1.1179474544543326,1.2287863398380279,1.5177665784300682,1.2726380395291286,1.4865673405888373,1.3684404582533571,0.5819371553384795,1.174990879784786,-3.9714449251263737,0.0,0.0,0.0,0.0,0.0,0.0,0.0,-5.4744829624910505,0.0,0.0,0.0,0.0,0.0,0.0,-6.97435166385603,1.811719523398282,1.7091962329200303,1.5340404585649026,0.5003558599209034,1.6719264979617496,-4.469223887028934,0.0,1.629267921101333,1.4085807937970594,0.0,-5.607530849981828,1.2440287103620553,1.3341831436884282,0.5361935637690965,-6.774528866475964,1.6635711190522227,0.3464726200793856,-6.630600471096669,0.494140154239372,-4.299566630519085,4.489492720763959,0.9649806582310357,2.88205652708119,1.2752111312610852
12.0,0.9,-4.986060333418591,1.1325544294619714,0.0,0.4416831464724966,1.2678930126159906,1.0192562753138596,0.9206880695565836,0.607874267373993,1.8172308777932065,1.1720353616613204,0.0,1.5929052265877601,-4.748547215592636,0.5223312288138442,0.0,1.7182441522462617,1.66601476572715,0.0,0.428134379517715,1.3137581077518068,1.3568746308965896,0.666997670390677,0.6921850663792554,-5.443846800812602,0.0,0.0,0.0,0.0,0.0,0.0,0.0,0.2600841465256552,0.0,-5.364103834969221,1.3883723137131032,0.0,1.1877336164794463,1.6985724028146414,0.6410086176934466,1.0781185212495503,0.761661850924786,1.8846987706063496,-7.296853173866204,1.84960206041186,1.6382101055198477,0.2080871666704578,0.9538944155796384,1.611742941942815,1.4466013454973436,1.2350692021245593,-6.134720372890502,1.3651637001282344,0.2732232556112872,1.2846069955307502,1.0183019476662274,0.8432366662621572,1.2428192292288602,-5.543832651084972,1.9166709767701628,0.453954150529788,0.3503638102349814,1.3792216680165093,1.234075188001176,-5.753928768288474,1.0661130951691067,1.008481547699235,1.7656782480491429,0.952006571790416,-5.4423446477618125,0.3299899748384694,0.4178672735878672,1.624014864613654,-5.619992887478964,0.296555127410131,1.6403059938154083,-4.39821645259775,0.0,-6.974128427322757,4.132635028898307,1.573824865948433,4.1447899853911885,1.5714012894662734
12.0,0.9,-5.200959305275312,0.429075565936688,0.0,0.994254859342145,0.521640515393575,0.9848816748076442,0.7251929766366582,1.9390170460887783,1.5472542879908828,0.7348183887293585,1.1903082672300118,1.3354750283948813,-4.3145804479656515,0.0,0.409309113371291,0.4274884505411012,1.1542547767282199,0.7852575765080438,1.5624055242339123,0.4611942302254778,0.9083438243137728,1.5500904263054183,0.9417414077673774,-5.153021762478069,0.0,0.0,0.0,0.0,0.0,0.0,0.0,0.0,0.0,-5.330435694196756,1.5932493918168056,0.7846958628313112,0.7238232984820592,1.0193405961463697,0.2446434125864134,1.2542322426937063,1.6007773249808506,1.0916235454652734,-3.865864677582826,0.0,0.0,0.2693295906002952,1.6228460858946434,1.430433853656604,0.0,0.458236854701123,-4.53601046651495,0.453790960187316,0.4143953455523006,0.6220927255155082,1.303395192568728,0.6906195679233766,1.1974436867644211,-3.856761954014365,0.497556900369319,0.996180793157597,1.940962815832398,0.5175421488845802,0.4897755601342408,-5.1438210197409795,0.591057030639901,1.190520432902719,0.34970774618358,1.9618964217763537,-5.412090134321117,1.786301786347463,0.0,1.4864060361464628,-6.186345083984296,0.7919841031004577,0.0,-3.8846647341859293,0.0,-5.398353499083301,3.1662271411977976,2.558919277777921,3.1270173504534906,1.596138068291501
12.0,0.9,-3.00997932667652,0.6407820416326002,1.6729916059405012,0.5346948369112798,0.0,0.4660021240241116,0.2611210451232704,0.0,0.3555835232867046,0.0,1.2215094253439538,0.8672740510906184,-6.332253331180655,1.8659525726822712,0.8668080081765314,0.7033871431276574,0.7996479383021008,1.6444291022737674,1.3378320709075087,1.3474716932853341,1.5065313162955682,1.3023910805296428,0.6492736951483248,-6.854110873899199,0.0,1.0266763808670802,0.0,1.4049768290195601,1.7960964439799563,1.2280397228296442,1.466773829971177,1.4203516899028354,1.8263626726053712,-2.5164156023757505,0.0,0.0,1.2820669102629996,0.308909849366088,0.2039610035452364,0.759650573271927,0.5270306221052574,0.5497094011121816,-3.166408937915223,0.0,0.0,0.381060072039074,0.0,0.3104663306346368,0.0,0.0,-5.312026377050705,1.7757733219142682,1.1127279721472083,1.4768266547283402,1.2543507082775474,1.8313209413997311,0.7338851752857282,-6.101734371376682,0.6426663453721598,1.0184637693712597,0.7210589185940974,1.2906579285668143,1.768040906954718,-4.535243536949562,0.0,0.0,0.0,0.0,-4.974630173680881,1.4034413081088053,1.5466404913291243,0.0,-4.92070372652104,0.0,0.0,-7.348948665601697,1.6616724203718054,-5.522444281925916,4.455073874856262,0.7744177559983446,4.52454699437545,1.9025249190239808
12.0,0.9,-7.046979178826915,0.2651307668099234,1.8909094221182312,1.892445380549356,1.3357821265236556,1.0355730925664586,1.5912407786362377,1.6555515156052405,0.6940366193719406,1.0115468133886465,1.310076603328409,1.4116652387557291,-5.385287565757,0.9965595992168448,1.9729029725171592,1.000597086245559,0.966586727456518,0.9620888884880842,0.36053466109359,1.3926689056779042,0.0,1.0157872809574575,1.837718243050959,-5.701335440915843,1.9796445898695456,0.0,0.2240771205792418,0.8727670454854652,0.5448603786176476,1.4892868022672436,0.6773331466262356,1.8038820153795248,0.9233507616717054,-8.27906240116428,1.739928657162196,1.616644478944636,1.7934199871856022,1.275327221323513,0.6263778321445344,1.8046211444982387,1.6006893620002138,0.2561231761335684,-4.850166669111552,0.0,1.0554694177080937,0.7033872977716754,1.4631410499688526,0.5861270553934665,0.4585947505163652,1.3573058969332399,-5.420333194734689,1.5031687874475195,1.1134521282747203,1.2883933288125908,0.2749188833469196,1.2906953410502624,1.5271565009905117,-6.811109786004644,1.8153707563157415,0.95657987159578,0.0,1.9114157799741884,1.1606982591725743,-5.082115251518054,1.0266826509670564,0.3864449715463298,0.968004679634324,0.314614241886269,-6.022427011176838,1.824732962664732,0.3412153589153436,0.941738639967698,-3.7951870861311083,0.3593047479779744,0.6653444468196742,-5.529832959867032,0.0,-5.197857702690965,4.612635945721866,3.1976463135134967,3.0154751442505456,2.9752852846044116
12.0,0.9,-4.947919027467485,0.2982657892229252,0.4095692775127054,1.8970239200770744,0.350712050866167,0.8850319984204402,0.0,0.0,1.6175215716057838,1.378533855428721,1.1129469236108043,1.94623266819035,-5.404254764691546,0.4913874193635356,0.3633482903955712,1.7580792350746572,0.660548792230912,1.4615593954557629,0.4277133044797218,1.216260525478325,1.3618701643375946,1.6532533549488522,1.1162232583952352,-3.855396034656682,1.4520109207927,0.5162797313920822,1.126982434370815,0.8137732516422282,0.3199490912031168,0.508306757818142,1.1716789387956281,0.900854246422411,0.0,-5.923246945385364,0.0,0.4677025686288836,1.8702204258725224,1.367174326222631,0.7092483730517563,1.510720587558845,0.2438292189931072,1.9652152591776328,-4.470098037755267,1.4861033296758843,0.3328557007230808,1.4131449170413675,0.3206144251691454,1.3174925355324951,1.0824140733670307,0.3625000766686222,-4.866560510669695,1.3787052907758126,0.5003093089576534,1.4940944303808772,1.7336428678981117,0.0,0.0,-5.634661587787936,0.7326546180324186,0.0,0.0,0.0,0.0,-4.057092000553129,0.0,0.0,0.0,0.0,-6.5353921573984515,1.4699166880968382,1.4371950903127395,1.5609447289224798,-7.166212452025198,1.5309252303415215,0.0,-5.317114580154292,1.1590674578092799,-4.5174535264413525,4.171943979540599,2.6521031417945116,3.6290026881434763,2.6716650495699814
12.0,0.9,-4.6119603933232325,1.541999571206872,0.951168377061741,0.4467121718915582,1.8805879804065952,0.7282431316518724,1.3776701075655107,0.4091134529857622,0.0,0.0,1.4212116396780643,0.4672143541984902,-5.6791421264862,1.760419958887749,0.971872338521418,0.4900491057084698,1.4805000107593962,1.943279186610762,1.4163458549821462,0.0,0.3057692178635458,0.966901334821104,0.4811476736109358,-5.247517713019042,0.4343342886266044,0.0,0.6394297003755534,1.6982928101761872,0.8807112085538464,0.765926125126538,0.8958603287540384,1.5522979823544079,0.9165946461214196,-5.186524140336936,0.9175988481469294,1.264578743005822,1.11481502629584,1.4570895494749727,0.9082697538905626,1.3993268086376431,1.235810184653711,0.2226405675288106,-5.599765235784665,0.2499062419447734,1.5285999062498434,1.451959576658166,1.0004206038128154,0.0,1.948938471965266,1.7314697366764709,-4.936890945532772,0.5749718548334278,0.9746235812240588,1.845421471659915,0.6284595558045796,1.487647599806145,0.0,-6.782543826499143,1.19273766411777,0.5446523929321994,0.7747960748276878,0.8593315137015518,1.9559411156875073,-5.921835367037914,1.43344980258934,1.32168209749382,0.5651228060539014,0.740835139942045,-5.449335677984646,0.0,0.0,0.0,-4.751094736411398,0.0,0.0,-6.615655275354726,0.9404866505592366,-5.180521292978137,3.9996744651471476,2.875466860058007,2.4926801845009092,0.15279592881081563
12.0,0.9,-4.701614718777545,0.0,0.0,0.6908200851113668,1.4268450585627956,1.451708549011211,0.0,1.8451026941535156,1.4229481921629625,1.7055662508293776,0.0,0.8602386077238622,-3.5274085933868307,0.228548890178595,0.0,0.0,0.0,1.7881744600069038,0.0,0.0,0.0,0.659390577473864,0.0,-5.716669616242077,0.0,0.0,0.0,1.942483918692944,0.0,0.0,0.0,1.7922992926812507,0.0,-4.600515671945492,0.0,1.0693358558945136,0.8413756577567004,1.8052807443444912,0.0,0.8429793795241332,1.4881072900597654,0.3316135304371624,-3.7598258722917137,1.7775883091934799,0.2691964272460208,0.7786785660591472,0.7707454204255147,0.3626106412332882,0.0,0.845204434651943,-4.689995817105007,0.0,1.8841198464957032,0.2826077084767474,0.0,0.5261718512403853,1.7916619735790231,-6.161877988806634,0.0,0.0,0.0,1.5812458315613238,0.0,-6.925313482196611,1.1088293254837291,1.5499610301047575,1.0294279122472145,1.4400167732590377,-5.584770815550075,1.9612354910756735,0.6565848131339322,0.4967615679396402,-5.747724266669352,1.0602909782692278,1.638721260050324,-4.55255136332528,0.0,-6.097785242413546,4.133353637455903,2.5985613426343477,3.118270939685091,1.6299338849213278
12.0,0.9,-6.337665436608948,1.3559538200368138,1.709948543359153,0.7759076587363306,1.3035256558068893,0.6247504765777566,1.5346229446329358,1.3567361033401866,0.9313841657544366,1.5130613249841853,0.9244910449351262,0.6449491350540822,-7.962170855631712,1.4229646256221269,1.8305757057204928,1.6262862075791875,1.8433389143347696,1.771513561751031,1.0874387475214549,1.5882344276243923,1.8018427692051977,0.5883588960865814,1.0078340357813742,-5.875700291158605,0.4100469795323924,0.9877830710002384,1.3484898932434908,0.0,1.7606610568054444,1.5226596052174348,1.1047625495150084,1.2537817932442734,0.2303024647776482,-6.0432359620380804,0.733626930467742,0.83722828546512,1.624547620201351,1.9255258686240453,0.7433509008289552,1.6174675449057256,1.5881944295940045,0.0,-7.544632173179702,1.6072498819773697,1.1488210859302337,1.9297607098998653,1.5712844629403468,1.9746815349351672,1.723549922794817,0.4826948830275466,-6.641668622387957,1.8199603774880573,1.4478322475061147,0.5715532557315156,0.9564602356679622,1.688072405950598,0.5384012708331598,-5.989791034590698,0.8057507395916526,0.571163189951405,0.0,1.0285936406529634,1.6746089089817697,-7.208578008873659,1.51859087847505,0.6920896858653967,1.0052458938183855,0.8875240862997236,-5.435195948807201,1.5083580071686253,0.0,0.3438130039222396,-5.996756276955626,0.5574108926431194,0.2673780090208646,-5.494099229765994,0.6304995398121214,-3.3540026687552653,4.223975893210777,0.41880027374635487,2.685920108588489,1.5453989739031806
12.0,0.9,-4.943443863942297,1.803764466847113,0.9054118202404038,1.7505152837533475,1.1186745309907675,0.0,0.603554995639091,0.2932788406200404,1.4076717870559796,0.0,1.0972206609314084,0.9067953418064416,-7.0850458786709245,0.8623297033542382,1.3028954896193563,0.8601884791037974,1.4487780664242025,0.4802878071021764,1.810232592646594,1.0295752310955453,1.3239588950769932,1.956722278750456,1.2913587473213766,-3.354581322045784,1.3502197268046048,0.4151923186237276,0.0,0.383833048165196,0.3637479851745746,0.4954242719237394,0.9188800701451698,1.0141236996599148,0.0,-5.393782671707614,0.368698062759422,0.2544837829232014,1.4035068302804612,1.6361294418200225,1.649749196943298,0.6726461927369785,0.398721335774534,0.0,-4.366118860096521,0.2804551873669994,0.6081342354317676,1.7166386664784938,0.3186327920740476,1.5959145589968402,1.4497088883671794,0.0,-4.644944533563753,0.0,0.0,0.0,0.7777229720876936,0.0,0.0,-3.584123697661555,0.485350131337179,0.9177651311079904,0.3641170007234474,0.0,0.2131390447902722,-5.987207613673457,1.1401524781958168,1.4213247248027159,0.3461138070111356,1.6210447583582737,-4.910679071146781,0.3077044774350502,0.0,1.6447766764824363,-5.625483268701294,0.0,0.0,-5.190655695058836,0.906340885100929,-5.004687625716734,4.194195648930905,1.5000963932947002,3.3651963925642607,1.541264414025231
